Team,PPG,PPGA,ScoringMargin,OffensiveEff,DefensiveEff,FloorP,FloorPA,PTWO,PTWOA,PTHREE,PTHREEA,PFT,PFTA,TWOPP,TWOPPA,THREEPP,THREEPPA,FTR,FTRA,ORB,ORBA,DRB,DRBA,BlockP,BlockPA,StealP,StealPA,AssistR,AssistRA,FoulR,FoulRA,ESCPG,EPR,EPRA,TOVR,TOVRA,WinP
Alabama,91.1,81.4,9.7,1.156,1.034,53.9,49.4,45.9,53.3,33.9,27.1,20.2,19.7,60.2,48.8,34.9,30.6,0.402,0.333,32.3,27.0,73.0,67.7,6.5,6.6,7.7,9.9,0.217,0.162,24.0,26.5,-2.1,0.975,1.002,14.3,11.6,0.765
Gonzaga,86.7,69.6,17.1,1.182,0.949,55.5,44.3,56.2,50.2,25.8,31.4,18.0,18.3,57.6,49.0,35.1,29.9,0.307,0.292,30.6,23.1,76.9,69.4,4.9,5.4,10.3,7.3,0.269,0.164,23.0,24.1,5.1,0.997,0.928,11.5,16.0,0.765
Florida,85.7,69.2,16.5,1.184,0.957,54.6,45.5,47.4,51.2,34.7,28.5,17.9,20.3,56.6,46.2,35.4,29.3,0.332,0.328,37.6,26.6,73.4,62.4,7.7,4.8,10.7,8.7,0.221,0.155,23.8,23.9,4.2,1.025,0.967,12.6,14.7,0.886
Kentucky,85.0,77.3,7.8,1.144,1.04,52.9,48.3,47.1,49.2,33.9,32.9,19.0,17.9,55.9,53.4,37.4,30.6,0.356,0.305,26.6,24.5,75.5,73.4,6.5,4.6,9.0,8.6,0.229,0.173,23.2,23.9,-0.8,0.966,0.976,13.3,12.4,0.677
South Dakota,84.4,86.6,-2.2,1.096,1.125,52.9,52.7,48.8,50.2,26.8,31.1,24.5,18.7,51.7,55.4,31.6,35.9,0.454,0.352,27.6,33.0,67.0,72.4,4.8,5.3,9.5,6.5,0.144,0.203,24.9,27.7,2.6,1.006,0.972,10.9,14.8,0.533
Illinois,83.9,74.6,9.3,1.127,1.002,52.0,47.5,46.1,56.2,33.8,27.0,20.1,16.8,57.3,46.0,31.4,33.5,0.345,0.269,35.1,23.1,76.9,64.9,6.4,4.6,5.8,8.7,0.201,0.169,21.6,24.5,0.7,1.001,0.991,13.5,11.0,0.647
Auburn,83.8,69.4,14.4,1.18,0.977,54.7,47.1,48.6,51.0,33.1,25.3,18.3,23.7,56.3,47.1,36.6,29.0,0.341,0.39,33.3,26.8,73.2,66.7,10.5,4.4,9.6,8.7,0.232,0.132,26.1,25.0,4.1,1.013,0.956,11.5,15.0,0.853
Missouri,83.6,73.6,10.0,1.17,1.03,55.3,48.4,45.2,49.5,31.2,29.6,23.6,20.9,56.3,51.2,36.7,33.6,0.471,0.357,32.4,30.7,69.3,67.6,4.6,6.2,13.1,9.4,0.192,0.175,25.5,28.4,3.4,0.983,0.935,13.4,17.4,0.647
Akron,83.4,76.4,7.0,1.117,1.024,50.4,48.2,46.5,51.0,37.9,29.7,15.6,19.3,55.2,51.0,36.4,32.4,0.27,0.331,30.8,26.8,73.2,69.2,6.1,4.1,10.0,9.5,0.232,0.164,24.3,22.5,1.5,0.972,0.952,14.1,15.0,0.788
Cornell,83.4,78.7,4.7,1.133,1.069,50.8,49.9,45.1,50.4,39.2,32.2,15.7,17.4,61.1,52.3,37.4,34.7,0.286,0.313,24.0,25.8,74.2,76.0,4.9,3.3,8.2,8.9,0.245,0.207,22.9,22.3,-2.3,0.933,0.964,14.9,13.5,0.593
Duke,83.0,61.5,21.5,1.214,0.9,54.9,41.8,45.3,50.4,37.0,32.7,17.7,16.9,58.2,43.3,37.7,30.4,0.316,0.25,33.5,22.7,77.3,66.5,6.6,5.1,10.2,7.7,0.247,0.167,23.1,23.9,4.6,1.007,0.94,12.0,15.5,0.914
Iowa,82.5,79.7,2.8,1.132,1.094,51.7,51.0,50.6,53.4,35.3,31.1,13.9,15.5,56.6,56.2,38.0,34.4,0.26,0.283,23.4,30.5,69.5,76.6,6.8,4.5,9.1,8.2,0.25,0.219,21.1,21.9,0.8,0.969,0.958,12.2,15.5,0.515
Winthrop,82.3,79.8,2.5,1.072,1.04,51.9,48.9,49.1,48.5,28.1,30.8,22.8,20.7,55.0,50.6,33.8,35.2,0.477,0.371,28.6,28.9,71.1,71.4,5.4,6.7,10.1,9.1,0.158,0.166,26.4,30.2,0.4,0.95,0.945,15.4,16.2,0.645
Arizona,82.1,72.2,9.8,1.129,0.994,53.6,45.7,53.8,46.4,25.5,35.7,20.8,17.8,55.3,46.9,32.9,33.4,0.359,0.292,34.9,25.2,74.8,65.1,7.2,4.4,10.5,8.8,0.226,0.184,22.9,24.2,1.9,0.986,0.96,13.9,14.3,0.657
Santa Clara,81.9,72.5,9.4,1.135,1.005,51.0,47.2,44.0,51.1,40.3,30.3,15.7,18.5,54.8,51.5,38.3,30.8,0.287,0.311,31.1,25.4,74.6,68.9,5.1,5.6,9.2,8.4,0.238,0.207,22.7,21.8,1.5,0.97,0.95,14.5,14.9,0.636
Maryland,81.6,66.5,15.2,1.128,0.919,52.8,43.0,51.5,53.7,29.8,29.2,18.7,17.1,52.7,47.2,37.3,30.4,0.331,0.261,29.1,25.4,74.6,70.9,7.7,4.3,10.8,6.7,0.2,0.164,21.5,24.8,4.7,0.984,0.92,12.5,17.7,0.765
Cal Poly,81.6,83.4,-1.8,1.053,1.076,46.6,50.0,41.7,49.8,42.5,31.4,15.8,18.8,56.0,54.3,36.3,34.4,0.268,0.323,25.5,32.5,67.5,74.5,3.2,5.0,10.2,11.7,0.195,0.191,23.6,21.9,-3.8,0.902,0.951,18.3,16.4,0.441
St Thomas,81.6,76.1,5.5,1.146,1.069,51.8,49.5,43.6,46.3,37.8,33.2,18.6,20.5,58.1,52.1,38.3,35.4,0.34,0.359,18.6,28.8,71.2,81.4,5.4,5.2,9.5,7.1,0.205,0.185,25.7,25.0,0.0,0.942,0.942,12.5,16.1,0.677
Samford,81.5,76.8,4.7,1.103,1.04,49.7,48.8,43.8,44.3,40.0,33.9,16.3,21.8,53.9,54.1,36.9,35.0,0.294,0.426,32.1,31.3,68.7,67.9,6.0,5.5,13.0,11.4,0.218,0.207,26.8,22.4,3.1,0.961,0.919,15.8,18.6,0.645
UAB,81.4,76.3,5.1,1.13,1.059,53.9,49.6,57.0,53.5,23.9,29.5,19.2,16.9,50.1,50.4,34.0,35.0,0.315,0.288,37.2,28.0,72.0,62.8,7.0,5.9,9.0,8.1,0.218,0.189,21.5,22.4,4.8,1.043,0.976,11.6,13.2,0.647
High Point,81.2,70.7,10.5,1.179,1.027,55.0,48.9,49.2,50.9,30.7,28.4,20.1,20.6,57.3,48.9,36.6,32.9,0.372,0.363,32.2,28.2,71.8,67.8,4.6,4.7,8.5,7.1,0.186,0.154,26.6,26.6,1.0,0.986,0.971,13.2,14.1,0.818
BYU,80.9,70.9,10.1,1.144,1.002,51.8,45.6,44.8,44.6,39.2,38.7,15.9,16.7,58.7,49.2,37.0,35.0,0.307,0.288,31.9,24.0,76.0,68.1,5.5,4.4,10.1,9.3,0.242,0.185,22.8,23.7,1.4,0.96,0.94,15.1,15.1,0.735
Texas Tech,80.9,67.7,13.2,1.171,0.979,52.8,46.8,44.7,53.3,38.3,27.2,17.0,19.5,54.5,48.3,37.4,31.5,0.299,0.332,32.1,26.9,73.1,67.9,5.3,4.4,9.3,8.7,0.242,0.161,22.8,23.4,3.2,1.001,0.954,12.5,15.1,0.765
N Florida,80.9,85.7,-4.7,1.077,1.14,47.5,54.3,40.4,57.4,46.0,25.3,13.7,17.2,54.0,54.5,35.0,35.5,0.248,0.311,25.5,33.1,66.9,74.5,4.8,5.9,8.3,9.0,0.205,0.23,24.1,19.4,-2.2,0.975,1.004,13.1,12.5,0.433
North Carolina,80.7,74.7,6.1,1.107,1.024,52.0,47.7,51.2,49.9,29.6,31.5,19.2,18.6,54.5,49.1,35.6,33.5,0.348,0.305,25.5,24.9,75.1,74.5,5.9,6.6,8.2,8.4,0.202,0.173,23.2,23.6,-0.5,0.96,0.966,13.3,13.4,0.622
N Dakota St,80.7,76.0,4.7,1.172,1.104,51.4,51.1,36.9,51.3,45.0,33.1,18.1,15.6,56.5,51.3,39.8,34.3,0.326,0.271,24.6,27.6,72.4,75.4,2.9,4.3,5.2,8.6,0.216,0.167,21.9,24.3,-5.0,0.951,1.025,13.9,9.6,0.621
Yale,80.7,70.9,9.8,1.143,1.005,53.9,45.2,54.5,41.9,28.0,39.8,17.6,18.2,53.3,48.2,38.4,33.4,0.318,0.289,30.2,23.5,76.5,69.8,6.0,5.2,8.0,8.2,0.223,0.199,23.2,24.4,2.2,0.987,0.956,12.6,14.1,0.724
Iowa St,80.4,67.7,12.7,1.117,0.94,52.6,43.2,50.8,47.4,28.5,34.4,20.6,18.2,55.5,47.5,35.8,33.0,0.377,0.287,30.5,25.7,74.3,69.5,6.2,5.7,13.1,10.2,0.21,0.185,22.4,25.1,4.1,0.957,0.9,14.7,19.2,0.735
Wisconsin,79.9,70.3,9.6,1.133,0.998,51.0,46.2,42.4,49.3,36.9,33.3,20.6,17.4,55.3,46.8,34.8,32.9,0.338,0.278,24.8,24.7,75.3,75.2,3.9,5.5,7.3,6.7,0.207,0.176,23.5,26.1,-0.7,0.968,0.978,12.5,12.6,0.75
Memphis,79.9,73.4,6.5,1.084,0.996,51.7,46.5,51.6,47.3,27.9,32.8,20.5,19.9,52.0,48.6,37.6,32.4,0.393,0.339,34.1,29.8,70.2,65.9,7.8,6.2,10.5,10.4,0.196,0.187,24.2,25.2,0.4,0.957,0.952,16.4,16.3,0.829
SMU,79.8,70.9,8.9,1.118,0.993,52.8,46.0,51.6,46.0,29.1,33.9,19.3,20.2,53.8,46.9,37.3,32.7,0.364,0.325,34.0,26.8,73.2,66.0,6.2,6.5,11.2,9.0,0.22,0.21,23.3,25.3,1.6,0.975,0.953,14.7,15.4,0.706
New Mexico,79.8,70.6,9.2,1.059,0.938,51.1,44.2,54.0,48.6,25.6,32.4,20.4,18.9,50.6,48.1,34.1,34.0,0.378,0.345,29.0,22.6,77.4,71.0,8.8,6.4,11.4,9.2,0.194,0.195,23.1,25.7,6.0,0.979,0.899,13.5,18.1,0.788
Bryant,79.8,74.9,4.9,1.059,0.994,50.0,46.7,54.5,51.6,28.0,30.0,17.4,18.4,51.3,47.3,33.0,32.5,0.299,0.3,32.8,25.7,74.3,67.2,9.4,3.7,8.7,8.8,0.189,0.154,21.3,23.0,2.8,0.995,0.959,13.8,14.2,0.636
Mississippi St,79.5,74.2,5.4,1.106,1.031,51.7,47.6,50.5,43.9,32.0,36.9,17.5,19.2,55.5,50.3,31.4,35.8,0.315,0.353,32.2,27.4,72.6,67.8,7.7,5.0,12.7,8.7,0.211,0.187,24.2,24.0,4.9,1.008,0.941,12.9,16.4,0.618
CS Northridge,79.5,74.3,5.2,1.063,0.994,51.0,45.1,55.3,34.0,24.7,40.4,20.0,25.6,51.6,46.7,34.7,35.7,0.356,0.448,33.5,22.1,77.9,66.5,5.2,5.6,10.0,10.2,0.211,0.188,28.0,25.8,4.7,0.959,0.896,16.1,18.1,0.645
N Colorado,79.4,74.5,4.9,1.123,1.053,52.6,49.8,52.4,52.1,30.2,27.8,17.4,20.1,57.9,51.9,37.0,35.4,0.33,0.352,24.0,21.0,79.0,76.0,3.7,5.9,8.4,8.9,0.213,0.14,25.4,23.2,0.2,0.942,0.939,14.2,13.8,0.688
Chattanooga,79.4,74.2,5.2,1.127,1.053,51.3,49.0,46.2,47.2,36.0,34.1,17.8,18.7,57.8,50.5,36.6,35.0,0.317,0.338,23.1,27.7,72.3,76.9,5.0,4.8,9.8,8.7,0.241,0.181,23.3,23.3,-1.5,0.945,0.967,13.7,14.1,0.719
Purdue FW,79.4,76.3,3.1,1.096,1.053,49.4,49.1,44.7,52.3,38.7,30.4,16.6,17.3,54.0,56.2,37.1,32.6,0.291,0.3,19.8,31.4,68.6,80.2,4.4,5.5,11.2,7.8,0.184,0.191,22.3,23.5,1.0,0.949,0.935,12.5,17.5,0.567
UCF,79.3,80.1,-0.8,1.045,1.056,48.4,49.6,45.0,52.5,32.8,29.4,22.2,18.1,48.6,52.1,33.6,33.0,0.363,0.308,29.9,32.4,67.6,70.1,7.0,6.1,10.3,9.7,0.185,0.204,22.7,25.0,0.0,0.967,0.967,14.7,15.4,0.515
Arkansas St,79.2,70.7,8.5,1.09,0.973,50.4,46.8,45.4,50.8,34.9,27.0,19.7,22.3,50.9,46.4,32.3,30.1,0.336,0.375,32.7,27.8,72.2,67.3,7.4,5.7,10.1,8.5,0.192,0.166,25.5,23.3,3.4,1.017,0.971,12.5,14.7,0.706
Penn St,79.1,73.2,5.9,1.089,1.009,51.6,46.8,51.9,50.6,27.2,32.4,21.0,17.0,55.6,51.3,34.3,35.3,0.379,0.294,26.2,26.8,73.2,73.8,6.9,5.5,11.1,10.2,0.22,0.232,22.7,26.5,1.1,0.937,0.922,15.4,17.4,0.516
Ohio,79.1,77.3,1.7,1.069,1.046,49.6,49.7,48.8,52.1,31.8,28.2,19.4,19.7,53.9,50.4,35.0,37.6,0.335,0.364,20.6,26.8,73.2,79.4,4.8,5.2,9.7,9.0,0.185,0.176,24.0,24.9,0.2,0.94,0.937,13.4,15.6,0.484
S Dakota St,79.0,75.1,4.0,1.107,1.051,51.3,47.6,50.1,43.8,31.9,37.9,18.0,18.3,54.5,52.3,34.8,32.9,0.312,0.299,31.5,20.2,79.8,68.5,3.8,4.5,6.2,10.0,0.194,0.167,23.7,25.2,-0.5,0.964,0.972,15.2,11.4,0.586
Indiana St,79.0,81.5,-2.5,1.06,1.094,48.1,51.7,41.5,49.6,38.6,30.1,19.8,20.3,56.6,54.5,35.0,35.9,0.359,0.388,23.8,25.0,75.0,76.2,3.3,5.9,8.8,11.0,0.206,0.186,25.7,24.0,-3.1,0.91,0.952,17.3,14.0,0.4
Vanderbilt,78.9,74.3,4.6,1.099,1.035,51.4,48.7,49.8,48.1,30.8,31.1,19.5,20.8,53.5,51.4,32.5,36.6,0.334,0.385,29.1,27.7,72.3,70.9,7.0,6.9,12.5,7.8,0.193,0.168,25.0,24.2,5.2,0.993,0.921,12.5,17.4,0.606
Belmont,78.9,76.8,2.1,1.097,1.068,49.3,48.8,45.7,48.6,39.8,36.0,14.5,15.4,52.9,54.6,38.1,35.1,0.261,0.27,25.6,27.6,72.4,74.4,5.2,5.5,9.8,9.7,0.238,0.215,21.7,21.9,0.7,0.96,0.95,14.0,15.4,0.656
NC Asheville,78.9,79.5,-0.6,1.086,1.095,51.5,51.8,52.9,48.7,27.8,30.4,19.3,20.9,52.4,53.8,34.2,35.2,0.344,0.401,28.9,31.9,68.1,71.1,7.0,3.5,9.9,7.4,0.177,0.19,26.6,25.0,1.7,0.985,0.962,12.8,15.5,0.607
St John's,78.8,65.5,13.3,1.074,0.892,51.7,41.7,59.0,47.8,23.8,34.1,17.2,18.1,51.6,45.6,30.8,31.0,0.3,0.303,35.7,26.8,73.2,64.3,9.0,5.6,12.3,9.0,0.218,0.176,22.6,23.4,7.6,1.016,0.912,12.9,18.7,0.886
Washington St,78.8,78.4,0.5,1.071,1.064,49.7,49.9,49.9,50.4,33.4,31.0,16.6,18.6,58.0,52.0,36.5,33.5,0.324,0.326,29.2,30.8,69.2,70.8,7.9,4.7,8.7,10.7,0.229,0.189,26.1,24.8,-4.0,0.915,0.969,17.9,14.7,0.576
Ohio St,78.8,73.5,5.3,1.098,1.024,51.3,48.8,48.9,49.4,31.0,27.0,20.0,23.6,52.6,50.3,36.8,30.5,0.358,0.399,26.6,28.5,71.5,73.4,6.2,5.7,9.1,5.9,0.184,0.165,27.3,26.3,-0.2,0.958,0.96,13.7,14.6,0.531
Utah St,78.8,70.5,8.2,1.142,1.023,53.4,47.3,48.3,45.2,32.7,34.9,19.0,19.9,57.5,52.7,34.9,34.0,0.37,0.356,32.2,27.3,72.7,67.8,5.2,5.7,12.1,9.6,0.244,0.207,26.4,26.3,4.3,0.984,0.922,13.7,17.5,0.758
Texas,78.5,72.6,5.9,1.109,1.026,52.2,48.9,50.4,48.7,28.8,29.5,20.7,21.8,51.7,47.8,36.2,33.8,0.368,0.389,28.7,27.3,72.7,71.3,7.4,5.2,8.8,8.2,0.182,0.17,26.4,26.5,1.6,0.987,0.965,12.5,14.3,0.543
Louisville,78.5,69.5,9.0,1.11,0.983,50.9,45.3,45.1,49.4,35.8,34.3,19.1,16.3,56.8,48.7,32.8,34.1,0.337,0.271,30.7,25.1,74.9,69.3,4.9,5.1,9.0,9.0,0.196,0.167,22.0,26.0,2.9,0.977,0.937,14.0,16.2,0.771
Michigan St,78.4,67.1,11.3,1.105,0.945,52.9,44.6,54.5,50.1,23.3,29.7,22.2,20.2,53.4,48.9,31.1,27.7,0.376,0.323,34.3,22.5,77.5,65.7,7.7,5.3,7.6,8.4,0.237,0.176,23.9,27.4,2.7,0.987,0.949,14.1,14.4,0.824
Oklahoma,78.3,74.6,3.6,1.099,1.048,50.8,49.4,44.9,49.9,32.5,29.8,22.6,20.3,54.1,55.0,36.5,30.3,0.399,0.357,25.2,30.3,69.7,74.8,3.9,6.1,10.9,10.2,0.189,0.172,26.0,25.9,-1.7,0.932,0.956,15.4,15.7,0.588
Florida Atlantic,78.1,76.4,1.8,1.079,1.055,50.4,49.2,49.5,48.3,32.6,31.9,17.9,19.8,53.9,47.0,35.1,37.1,0.333,0.333,28.3,28.2,71.8,71.7,7.2,5.2,8.2,10.3,0.218,0.19,23.9,23.8,-0.9,0.964,0.976,14.1,13.7,0.515
Xavier,78.1,71.6,6.5,1.093,1.002,50.5,46.6,46.7,51.6,32.2,31.4,21.1,17.0,51.2,50.6,39.1,34.4,0.367,0.286,20.9,23.6,76.4,79.1,4.3,7.0,10.8,8.1,0.234,0.201,21.9,24.8,-0.1,0.931,0.932,14.1,15.6,0.647
Michigan,78.0,71.1,6.9,1.07,0.975,50.0,45.4,49.2,49.5,31.9,32.2,18.9,18.3,57.5,46.0,33.4,31.0,0.35,0.283,31.3,26.9,73.1,68.7,5.6,4.2,7.4,10.0,0.221,0.155,23.4,25.2,-3.1,0.933,0.975,17.2,13.7,0.743
Toledo,77.9,81.1,-3.3,1.094,1.139,52.6,52.4,56.5,52.7,22.5,32.5,21.0,14.8,50.6,55.9,33.6,38.2,0.355,0.265,28.7,29.0,71.0,71.3,4.4,5.4,7.3,8.2,0.18,0.194,22.4,26.0,2.1,0.998,0.969,11.8,13.5,0.531
Purdue,77.8,70.9,6.9,1.151,1.049,53.7,48.9,50.1,50.9,31.5,31.5,18.3,17.6,55.3,56.3,38.3,30.9,0.347,0.307,30.0,28.6,71.4,70.0,2.9,5.4,9.6,8.6,0.234,0.219,23.7,26.6,1.3,0.973,0.953,13.5,15.4,0.677
Temple,77.7,77.6,0.1,1.066,1.064,51.5,50.6,49.8,51.0,25.3,28.7,24.9,20.3,48.2,51.0,35.8,33.3,0.452,0.364,28.5,29.0,71.0,71.5,5.9,7.0,8.5,9.6,0.145,0.202,24.8,27.2,-1.2,0.97,0.987,13.6,13.0,0.516
Miami OH,77.7,73.3,4.4,1.082,1.02,48.9,47.7,46.0,49.3,38.5,31.9,15.5,18.8,53.9,51.9,38.2,33.6,0.281,0.333,25.5,27.5,72.5,74.5,6.0,5.4,10.5,10.3,0.215,0.173,25.0,23.3,0.1,0.935,0.934,15.5,16.6,0.719
Grand Canyon,77.6,70.0,7.6,1.045,0.942,50.6,44.7,52.2,52.1,23.8,28.1,24.0,19.8,52.7,46.7,31.3,32.3,0.437,0.324,30.4,26.6,73.4,69.6,8.6,5.9,12.2,9.2,0.183,0.159,23.7,27.2,2.1,0.947,0.919,16.0,17.8,0.758
N Alabama,77.5,71.0,6.5,1.119,1.025,52.9,47.2,53.6,48.5,28.8,35.2,17.5,16.3,51.0,51.6,34.6,32.5,0.31,0.282,31.7,27.1,72.9,68.3,5.4,6.3,10.4,7.0,0.172,0.191,21.6,23.1,4.2,1.028,0.968,10.8,14.4,0.667
UCSD,77.5,63.0,14.5,1.126,0.915,50.8,41.7,41.8,43.7,39.7,37.4,18.4,19.0,56.0,46.3,36.1,33.1,0.334,0.299,23.0,25.1,74.9,77.0,4.0,5.0,13.7,6.6,0.218,0.163,24.3,23.9,6.0,0.97,0.883,11.8,20.4,0.849
UMBC,77.3,80.6,-3.3,1.053,1.099,48.9,51.6,50.0,55.8,33.3,29.0,16.7,15.2,53.8,54.2,38.4,35.8,0.316,0.279,17.4,31.7,68.3,82.6,3.9,4.9,9.7,8.9,0.192,0.193,20.8,20.6,-4.1,0.917,0.972,14.6,15.0,0.345
Rhode Island,77.1,75.2,2.0,1.054,1.027,50.3,48.0,49.6,50.5,29.2,31.0,21.2,18.5,53.3,50.6,34.6,31.5,0.411,0.308,26.7,26.9,73.1,73.3,5.3,6.8,8.0,11.2,0.187,0.189,22.3,27.1,-2.1,0.941,0.97,15.7,13.9,0.567
UConn,77.1,67.8,9.3,1.146,1.007,52.5,48.0,48.8,48.2,33.3,28.3,17.9,23.6,57.3,45.8,35.1,34.6,0.307,0.403,34.7,23.4,76.6,65.3,11.7,5.0,8.0,8.4,0.258,0.148,27.0,23.9,1.6,0.978,0.954,14.6,13.7,0.706
Columbia,77.1,80.6,-3.5,1.059,1.107,49.3,50.1,51.8,48.5,31.3,37.4,16.9,14.2,53.9,54.6,33.8,39.2,0.295,0.254,23.6,25.4,74.6,76.4,3.4,6.1,10.1,8.5,0.231,0.259,21.6,22.0,0.4,0.952,0.947,13.7,14.5,0.4
Rutgers,77.0,77.6,-0.5,1.06,1.067,50.4,49.9,51.4,52.0,28.1,31.3,20.4,16.7,51.3,52.9,32.9,35.1,0.362,0.305,28.8,29.3,70.7,71.2,6.4,5.4,9.7,7.9,0.178,0.2,23.5,26.4,1.6,0.981,0.959,13.3,15.0,0.469
Omaha,77.0,76.2,0.8,1.091,1.08,51.0,49.9,48.2,44.2,31.8,35.7,20.0,20.1,52.1,53.5,35.6,35.2,0.36,0.372,28.3,22.6,77.4,71.7,3.9,5.2,8.2,8.0,0.188,0.192,26.0,25.9,1.4,0.973,0.953,13.6,13.2,0.606
Mississippi,77.0,71.5,5.5,1.074,0.997,50.2,46.7,47.4,45.2,32.1,33.2,20.5,21.5,50.9,51.5,34.3,32.4,0.358,0.389,22.9,27.8,72.2,77.1,6.8,6.7,12.1,8.2,0.198,0.196,25.3,25.0,3.9,0.977,0.923,11.5,17.6,0.677
Lipscomb,77.0,68.2,8.8,1.12,0.992,50.3,46.2,43.5,56.3,38.3,30.7,18.2,13.1,56.5,50.5,36.4,31.2,0.312,0.22,21.5,25.2,74.8,78.5,4.7,5.5,9.7,9.2,0.213,0.152,18.6,23.0,-1.6,0.945,0.969,13.3,13.9,0.697
Robert Morris,76.9,71.6,5.3,1.073,0.999,50.8,46.9,49.6,52.8,29.5,29.5,20.9,17.8,50.7,50.6,34.6,34.0,0.376,0.303,34.7,25.5,74.5,65.3,7.7,6.0,9.0,9.9,0.224,0.189,23.3,26.7,3.7,0.977,0.926,15.4,16.5,0.735
USC,76.9,75.5,1.4,1.084,1.065,51.2,50.0,52.0,50.9,28.0,29.0,19.9,20.1,54.3,54.3,36.7,32.9,0.364,0.349,27.2,28.7,71.3,72.8,5.2,6.1,9.0,9.6,0.218,0.218,25.2,25.5,-0.8,0.934,0.946,15.7,15.6,0.485
Delaware,76.8,78.7,-2.0,1.07,1.098,49.0,51.8,48.7,53.1,33.8,28.0,17.5,18.9,54.1,51.9,37.7,35.3,0.3,0.329,19.8,30.7,69.3,80.2,4.6,6.0,8.8,8.3,0.194,0.178,23.7,21.9,-4.5,0.92,0.982,15.0,13.4,0.412
Charleston,76.7,73.9,2.8,1.055,1.017,49.2,47.2,48.0,52.1,33.0,32.1,19.0,15.8,51.8,51.4,35.5,32.1,0.346,0.265,24.0,26.8,73.2,76.0,3.8,6.0,8.9,9.3,0.217,0.201,21.5,23.3,-1.1,0.948,0.963,14.3,14.3,0.719
Arkansas,76.7,71.2,5.5,1.06,0.984,50.2,45.8,52.4,49.8,27.7,32.1,19.9,18.1,54.3,48.3,33.0,32.2,0.354,0.294,25.1,26.5,73.5,74.9,9.4,4.5,10.7,9.3,0.199,0.172,22.2,23.9,-0.3,0.945,0.949,14.5,15.4,0.618
Milwaukee,76.7,72.5,4.1,1.074,1.016,52.2,47.5,56.5,50.6,23.3,30.7,20.1,18.7,53.1,52.2,31.9,33.6,0.38,0.324,38.9,24.8,75.2,61.1,5.7,7.1,10.4,10.0,0.191,0.186,24.8,27.2,4.0,0.983,0.926,16.2,16.3,0.633
NC Wilmington,76.6,70.3,6.3,1.115,1.024,52.9,47.2,51.6,46.8,27.0,36.3,21.3,16.9,53.7,50.7,32.8,34.0,0.374,0.304,34.4,25.6,74.4,65.6,5.9,6.0,9.2,8.4,0.214,0.179,24.4,26.9,2.9,0.996,0.954,13.6,14.9,0.758
Marquette,76.6,68.7,7.8,1.088,0.977,49.5,45.6,47.8,50.9,37.0,30.8,15.2,18.3,54.7,51.3,32.6,31.8,0.259,0.305,28.0,28.4,71.6,72.0,6.5,4.6,12.7,8.0,0.195,0.209,22.8,20.9,5.9,0.997,0.914,11.8,18.6,0.677
Longwood,76.6,76.1,0.4,1.068,1.062,51.8,50.2,51.0,50.5,24.7,30.4,24.3,19.0,52.3,59.8,32.9,33.7,0.454,0.383,30.6,28.2,71.8,69.4,3.8,5.1,10.5,10.0,0.179,0.186,26.1,29.1,3.4,0.957,0.91,15.6,18.3,0.517
E Kentucky,76.5,75.9,0.6,1.082,1.074,49.0,50.3,46.2,51.2,37.0,31.1,16.8,17.7,47.7,52.1,34.9,35.5,0.26,0.318,31.0,31.1,68.9,69.0,5.9,4.9,11.7,8.0,0.18,0.191,23.9,21.6,3.9,1.02,0.965,11.7,15.3,0.533
William & Mary,76.5,78.5,-2.0,1.06,1.088,48.1,50.7,40.5,47.9,40.0,32.8,19.4,19.3,55.8,54.4,34.5,34.8,0.356,0.355,24.4,29.9,70.1,75.6,2.8,5.6,9.6,9.7,0.221,0.195,25.1,26.0,-2.1,0.929,0.959,16.1,15.2,0.5
Wright St,76.5,77.5,-1.1,1.087,1.102,50.1,51.9,52.3,51.1,33.3,30.3,14.4,18.6,55.3,52.2,38.6,36.7,0.27,0.345,25.7,26.4,73.6,74.3,5.1,4.9,7.9,10.4,0.212,0.196,24.2,23.2,-3.2,0.934,0.98,15.7,12.4,0.419
Oregon,76.4,70.4,6.0,1.077,0.992,50.2,46.3,50.2,52.8,30.5,30.2,19.3,16.7,53.2,50.0,34.4,31.1,0.33,0.273,27.7,27.8,72.2,72.3,6.2,5.4,10.2,8.5,0.204,0.183,22.9,24.8,-0.1,0.955,0.956,14.4,15.3,0.735
North Dakota,76.3,82.2,-5.9,1.064,1.146,49.9,53.0,49.1,49.2,31.7,32.9,19.1,17.9,50.3,57.1,32.5,37.1,0.336,0.33,32.5,27.7,72.3,67.5,4.2,5.6,7.4,9.4,0.169,0.195,23.9,26.4,2.0,0.997,0.969,14.0,13.2,0.3
San Francisco,76.2,69.4,6.8,1.073,0.977,49.8,47.3,46.9,55.2,34.2,24.1,18.9,20.7,54.6,52.1,34.0,28.0,0.346,0.362,27.7,24.5,75.5,72.3,5.8,4.3,9.3,9.4,0.194,0.165,26.7,25.5,2.2,0.959,0.929,14.7,16.0,0.727
Morgan St,76.2,82.8,-6.6,1.023,1.111,50.6,53.0,62.5,50.8,16.6,28.7,20.9,20.4,49.5,51.0,31.6,36.8,0.357,0.391,32.2,36.2,63.8,67.8,7.3,6.9,8.2,9.7,0.165,0.211,25.1,24.4,-2.2,0.968,0.998,15.3,14.2,0.357
VCU,76.2,63.0,13.1,1.115,0.923,50.7,44.1,43.9,49.2,37.8,28.1,18.3,22.7,53.9,44.1,33.8,30.7,0.315,0.366,36.1,27.3,72.7,63.9,9.9,4.1,12.0,9.6,0.218,0.144,26.4,24.8,5.4,1.007,0.928,14.0,17.7,0.794
Kansas,76.1,69.6,6.5,1.061,0.97,49.5,45.0,56.5,48.7,29.3,33.1,14.1,18.2,53.0,46.3,35.4,30.8,0.244,0.281,28.0,25.5,74.5,72.0,7.7,6.0,8.7,10.5,0.247,0.18,19.9,20.1,-0.9,0.959,0.971,14.7,13.5,0.618
UMass Lowell,76.1,76.1,0.0,1.07,1.07,50.4,49.9,55.2,54.7,26.5,30.7,18.3,14.5,56.3,50.5,34.2,35.6,0.316,0.252,24.8,29.3,70.7,75.2,6.6,6.2,8.1,10.5,0.204,0.18,19.6,24.3,-5.0,0.922,0.992,16.1,12.7,0.483
Tennessee St,76.1,75.4,0.7,1.022,1.013,49.6,48.5,53.3,49.4,25.1,28.9,21.6,21.6,52.5,48.1,32.6,33.4,0.414,0.393,32.8,28.5,71.5,67.2,6.1,5.6,9.5,10.8,0.169,0.167,26.1,26.0,-2.1,0.935,0.963,18.1,15.0,0.467
Clemson,76.1,65.8,10.3,1.119,0.968,51.3,45.3,49.7,52.5,33.4,31.1,16.9,16.4,52.2,49.5,36.9,31.9,0.283,0.278,32.0,28.6,71.4,68.0,6.2,5.1,10.9,9.1,0.209,0.155,22.4,23.9,3.4,0.988,0.938,13.6,17.3,0.794
S Carolina St,76.0,71.5,4.4,1.035,0.975,50.0,47.7,51.1,51.4,26.1,23.9,22.9,24.7,50.2,51.8,34.7,31.1,0.429,0.47,33.5,29.3,70.7,66.5,6.6,5.5,12.3,10.0,0.202,0.183,29.3,27.1,3.8,0.947,0.896,16.9,19.8,0.567
UC Irvine,75.9,66.8,9.1,1.055,0.929,49.3,42.4,49.8,49.8,28.3,35.7,22.0,14.6,51.1,43.0,35.5,34.5,0.361,0.219,26.0,24.5,75.5,74.0,5.7,4.5,9.2,9.0,0.219,0.19,21.5,25.6,-1.1,0.931,0.946,16.0,15.6,0.824
Pittsburgh,75.9,70.8,5.0,1.098,1.025,50.7,47.5,46.9,46.9,32.7,34.1,20.4,18.9,52.4,50.4,34.6,34.7,0.342,0.328,27.2,26.4,73.6,72.8,7.3,4.6,10.5,7.9,0.194,0.188,23.8,25.6,2.8,0.977,0.937,12.9,16.0,0.531
Bradley,75.8,69.4,6.4,1.108,1.015,50.5,47.2,45.7,44.6,36.3,34.1,17.9,21.4,54.3,47.0,39.6,32.3,0.329,0.355,24.2,27.0,73.0,75.8,6.7,4.3,9.0,10.2,0.206,0.175,24.6,25.4,-2.9,0.934,0.977,15.2,13.7,0.765
Oregon St,75.7,69.1,6.6,1.132,1.033,53.2,47.8,49.9,47.2,28.1,34.2,21.9,18.6,54.5,50.4,36.5,34.7,0.389,0.323,29.7,25.7,74.3,70.3,5.0,4.8,9.3,8.7,0.215,0.207,24.1,27.5,0.1,0.955,0.954,14.5,14.6,0.613
Queens,75.7,75.9,-0.2,1.054,1.057,48.7,49.5,45.9,50.7,35.9,31.4,18.2,17.9,52.6,51.4,34.6,34.8,0.337,0.321,29.9,26.7,73.3,70.1,8.6,5.8,8.4,11.1,0.22,0.175,24.0,23.5,-0.2,0.96,0.963,15.5,14.0,0.548
Creighton,75.6,69.7,5.9,1.087,1.002,49.3,45.9,46.6,56.1,37.6,32.6,15.8,11.3,60.7,46.1,34.2,32.5,0.287,0.167,25.3,25.2,74.8,74.7,7.0,5.5,5.3,11.5,0.246,0.168,15.7,22.8,-6.1,0.931,1.018,15.9,10.1,0.714
Manhattan,75.6,74.6,1.0,1.074,1.06,49.3,48.6,46.6,49.8,34.4,34.4,19.0,15.7,50.3,51.8,34.2,32.5,0.309,0.259,30.6,31.1,68.9,69.4,4.0,6.6,9.0,10.2,0.213,0.227,20.2,23.7,-1.7,0.976,0.999,14.5,12.9,0.552
California,75.6,76.8,-1.2,1.053,1.069,50.0,50.4,48.1,53.0,28.6,28.4,23.3,18.6,48.2,51.3,31.5,37.6,0.389,0.328,32.2,26.7,73.3,67.8,6.3,6.4,8.8,9.3,0.146,0.165,23.0,26.8,3.0,0.995,0.954,14.0,14.2,0.424
Howard,75.6,80.7,-5.1,1.038,1.109,48.3,53.0,48.3,51.9,31.5,25.0,20.2,23.2,52.6,53.1,36.6,33.8,0.357,0.409,27.8,32.6,67.4,72.2,4.9,5.1,7.8,10.1,0.205,0.173,26.3,25.0,-5.3,0.903,0.975,18.7,14.2,0.357
Dayton,75.5,70.8,4.7,1.099,1.031,51.1,47.7,46.2,48.3,32.7,33.2,21.2,18.5,52.4,52.1,35.9,32.5,0.378,0.309,27.2,26.8,73.2,72.8,6.0,6.2,10.4,8.8,0.221,0.184,23.2,26.4,1.4,0.967,0.947,13.5,15.5,0.688
Baylor,75.5,69.7,5.8,1.108,1.023,51.3,47.5,48.7,46.8,32.9,34.7,18.4,18.5,51.4,50.3,34.4,35.3,0.31,0.333,33.8,29.6,70.4,66.2,4.9,6.4,11.0,8.5,0.209,0.213,24.1,24.8,3.7,1.001,0.947,13.6,16.3,0.576
Nebraska,75.4,72.9,2.5,1.055,1.02,49.7,46.2,50.4,45.1,28.9,39.2,20.7,15.8,53.3,50.6,32.5,34.1,0.36,0.27,24.6,26.7,73.3,75.4,4.9,5.4,9.9,8.2,0.193,0.194,22.0,24.5,-0.3,0.949,0.954,14.3,15.3,0.548
Delaware St,75.4,78.6,-3.2,1.022,1.065,50.4,50.2,61.0,48.3,17.8,30.1,21.2,21.6,47.6,56.3,35.5,33.5,0.363,0.403,32.2,29.9,70.1,67.8,3.8,5.2,11.1,8.9,0.167,0.209,25.3,25.2,3.2,0.967,0.924,15.5,17.5,0.462
Georgia,75.3,69.9,5.4,1.068,0.991,51.0,46.1,50.8,48.5,27.5,32.5,21.6,18.9,53.7,47.9,32.9,31.6,0.401,0.303,33.8,29.7,70.3,66.2,8.6,5.8,11.0,11.3,0.177,0.173,23.5,28.1,-0.5,0.956,0.963,16.1,15.4,0.606
Colorado St,75.3,67.2,8.1,1.102,0.983,50.3,46.4,47.0,49.6,34.7,31.3,18.2,19.1,56.3,47.9,36.6,32.9,0.321,0.336,24.9,24.4,75.6,75.1,4.8,4.8,7.6,9.0,0.242,0.162,25.3,25.7,-1.1,0.933,0.95,15.4,14.9,0.743
Utah,75.3,72.2,3.1,1.057,1.014,49.8,47.3,47.7,47.1,33.7,33.5,18.6,19.4,53.9,47.4,32.6,33.8,0.37,0.334,33.1,26.7,73.3,66.9,6.1,7.5,9.0,10.3,0.246,0.183,26.0,25.4,0.0,0.975,0.975,15.3,13.6,0.5
Middle Tenn,75.3,73.8,1.5,1.038,1.018,49.0,48.1,52.0,53.1,30.3,28.0,17.7,19.0,53.3,49.8,31.5,31.5,0.324,0.312,28.9,26.1,73.9,71.1,7.0,5.7,8.6,9.1,0.17,0.181,23.7,22.9,0.3,0.97,0.966,14.3,13.9,0.625
Montana,75.2,75.0,0.2,1.085,1.083,51.0,51.1,51.9,54.1,28.9,27.5,19.2,18.4,56.9,53.7,36.3,33.6,0.356,0.32,19.7,27.0,73.0,80.3,5.2,5.5,8.8,8.0,0.191,0.179,23.8,25.3,-2.9,0.922,0.963,14.6,13.6,0.688
McNeese,75.1,64.2,10.9,1.115,0.953,52.8,43.6,51.5,42.5,29.5,38.4,19.1,19.1,53.2,46.8,35.2,32.1,0.357,0.315,34.1,29.5,70.5,65.9,6.5,5.4,12.9,9.1,0.198,0.177,24.5,23.8,4.7,0.999,0.929,13.7,18.4,0.813
Sacred Heart,75.1,75.7,-0.6,1.036,1.044,46.8,47.5,45.9,46.6,38.1,36.9,15.9,16.5,50.3,50.8,34.5,35.4,0.263,0.276,28.1,27.6,72.4,71.9,4.8,5.9,10.1,10.6,0.228,0.223,22.0,20.9,0.4,0.959,0.953,15.2,15.2,0.438
Saint Joseph's,75.1,68.6,6.4,1.062,0.971,48.5,45.4,44.5,53.7,36.9,29.1,18.7,17.2,52.8,45.3,33.5,33.4,0.317,0.259,28.2,25.3,74.7,71.8,9.3,5.3,9.2,9.5,0.206,0.18,20.3,22.8,0.5,0.967,0.96,14.2,14.1,0.629
Tennessee,74.8,63.0,11.8,1.11,0.935,51.5,43.2,46.6,46.1,33.5,34.6,19.9,19.4,54.3,46.6,34.1,28.2,0.356,0.291,33.6,26.1,73.9,66.4,8.7,5.1,10.4,8.5,0.23,0.151,23.0,26.4,2.7,0.991,0.951,13.4,15.4,0.8
Norfolk St,74.7,71.8,2.9,1.075,1.033,52.5,47.9,59.2,44.8,19.1,34.9,21.7,20.3,54.5,49.4,30.8,33.8,0.384,0.355,29.8,33.6,66.4,70.2,5.1,6.8,9.3,9.9,0.189,0.21,25.5,26.2,-2.3,0.942,0.974,15.9,15.7,0.656
Marshall,74.7,72.5,2.3,1.046,1.015,49.4,49.2,49.7,52.4,31.0,24.8,19.4,22.7,51.0,49.7,32.3,32.2,0.348,0.409,31.0,25.9,74.1,69.0,9.8,5.2,8.7,8.6,0.196,0.141,27.4,26.0,2.5,0.985,0.95,14.0,14.6,0.581
UCLA,74.7,65.2,9.5,1.105,0.964,52.0,44.5,52.4,44.8,29.8,34.9,17.8,20.3,53.1,51.1,35.4,32.3,0.325,0.34,32.0,28.0,72.0,68.0,6.0,4.5,11.9,8.4,0.244,0.189,25.4,25.9,6.1,0.986,0.895,13.7,19.9,0.697
Syracuse,74.7,77.8,-3.1,1.04,1.083,49.8,50.8,55.7,51.2,25.7,30.5,18.6,18.3,51.9,53.6,32.8,34.5,0.331,0.33,28.2,24.8,75.2,71.8,4.2,6.1,6.8,10.9,0.189,0.184,22.9,24.0,-1.9,0.95,0.976,15.6,12.3,0.424
Texas St,74.7,74.5,0.2,1.062,1.06,51.0,50.3,55.2,46.4,23.6,30.5,21.3,23.1,49.3,47.4,36.4,36.1,0.36,0.416,32.3,29.5,70.5,67.7,7.1,7.2,9.8,10.5,0.198,0.179,26.3,24.6,-1.3,0.963,0.982,15.5,13.8,0.467
Indiana,74.7,72.0,2.6,1.049,1.012,50.2,47.2,55.9,50.8,25.5,31.5,18.6,17.7,52.6,50.3,32.1,32.7,0.331,0.296,29.1,25.7,74.3,70.9,5.6,5.5,8.2,9.5,0.224,0.188,23.3,25.2,0.7,0.965,0.955,14.4,14.3,0.594
Illinois St,74.5,72.6,2.0,1.105,1.076,49.9,49.2,44.0,46.3,39.0,35.8,17.0,18.0,56.6,53.5,36.9,36.1,0.307,0.314,23.7,22.7,77.3,76.3,3.1,4.7,8.6,7.9,0.21,0.189,24.9,25.8,0.9,0.947,0.934,14.1,14.9,0.563
UC Riverside,74.5,76.4,-1.8,1.045,1.071,47.7,49.8,46.8,48.9,35.3,31.9,17.9,19.2,48.8,51.7,33.5,35.3,0.28,0.331,29.7,26.3,73.7,70.3,3.8,5.0,7.4,7.5,0.178,0.197,25.6,23.1,1.3,0.981,0.963,13.7,13.6,0.594
Texas A&M,74.5,68.0,6.5,1.06,0.968,51.0,44.1,48.8,40.4,28.1,38.0,23.1,21.7,48.7,46.7,30.8,33.5,0.415,0.35,40.0,24.9,75.1,60.0,7.4,9.0,10.8,11.3,0.169,0.206,24.5,28.3,6.8,1.017,0.92,14.7,17.2,0.697
Florida St,74.5,72.5,2.0,1.029,1.002,49.7,46.9,53.5,45.5,24.7,32.5,21.8,22.0,52.3,48.9,31.7,32.0,0.394,0.375,27.6,28.9,71.1,72.4,8.2,4.7,10.5,8.6,0.18,0.171,26.4,26.3,0.6,0.949,0.942,15.2,16.5,0.531
UTSA,74.4,77.5,-3.1,1.036,1.079,46.5,51.3,42.2,47.7,39.1,29.2,18.8,23.1,46.1,53.2,36.1,35.7,0.29,0.439,25.3,33.6,66.4,74.7,6.0,7.1,12.3,9.7,0.17,0.21,26.1,20.6,1.8,0.965,0.94,13.6,17.7,0.345
Houston,74.3,57.9,16.4,1.132,0.882,52.2,41.2,50.7,44.2,32.8,34.6,16.6,21.2,48.9,44.1,39.6,30.2,0.282,0.342,36.0,24.6,75.4,64.0,9.0,4.5,12.2,7.5,0.182,0.164,24.8,24.6,8.1,1.024,0.901,12.1,18.9,0.886
Dartmouth,74.2,73.5,0.7,1.008,0.998,45.7,46.6,43.1,56.0,38.4,29.8,18.5,14.2,49.8,52.1,33.9,29.6,0.303,0.232,21.0,21.7,78.3,79.0,4.9,5.0,6.7,9.4,0.197,0.196,20.5,22.9,-2.4,0.935,0.968,14.5,12.2,0.462
Furman,74.2,71.1,3.1,1.083,1.037,48.9,48.2,39.5,50.5,42.2,31.8,18.3,17.7,53.5,49.5,35.9,33.1,0.346,0.289,27.9,29.2,70.8,72.1,5.5,5.5,9.0,10.5,0.235,0.177,22.1,23.8,-1.2,0.961,0.978,14.8,14.1,0.688
Utah Valley,74.2,68.9,5.2,1.041,0.968,50.8,45.8,54.4,51.9,23.4,29.1,22.3,18.9,51.5,45.9,32.5,34.0,0.42,0.315,28.9,24.0,76.0,71.1,9.0,6.8,9.0,9.5,0.208,0.17,23.5,28.0,0.7,0.957,0.948,15.0,14.8,0.719
Georgia St,74.2,78.7,-4.5,1.035,1.098,49.4,50.5,53.6,50.1,27.7,34.2,18.7,15.7,49.8,51.9,34.4,33.3,0.338,0.263,30.6,29.7,70.3,69.4,4.6,5.8,7.0,9.6,0.164,0.215,22.4,23.8,-3.0,0.973,1.016,14.5,11.0,0.406
UT Rio Grande,74.1,76.8,-2.7,1.02,1.057,45.9,49.7,47.4,54.0,39.1,28.2,13.5,17.8,55.4,52.0,31.8,33.4,0.227,0.299,28.5,32.8,67.2,71.5,4.4,4.0,10.2,9.9,0.214,0.197,23.1,19.7,-2.1,0.941,0.97,16.5,15.0,0.444
Tulane,74.1,71.2,3.0,1.06,1.018,49.6,47.1,49.1,45.5,30.7,34.5,20.2,19.9,52.9,48.3,33.9,32.3,0.351,0.328,23.6,30.2,69.8,76.4,7.4,6.3,10.6,8.6,0.209,0.21,24.7,23.2,-1.8,0.948,0.973,14.0,14.8,0.548
Boise St,74.1,66.1,8.0,1.103,0.983,51.6,46.2,47.3,51.4,29.9,30.8,22.6,17.8,56.3,48.6,31.0,34.2,0.392,0.312,31.5,20.1,79.9,68.5,4.6,5.7,7.8,7.7,0.209,0.159,24.2,27.4,2.5,0.972,0.934,14.5,14.4,0.697
Illinois Chicago,74.1,75.3,-1.2,1.033,1.05,48.4,49.5,48.6,53.1,31.5,29.0,19.9,17.9,51.1,51.6,34.0,34.4,0.351,0.316,26.5,25.9,74.1,73.5,5.4,6.2,8.7,9.4,0.201,0.217,24.8,24.6,-1.0,0.946,0.961,15.3,13.8,0.517
Georgia So,74.1,76.1,-2.1,1.01,1.039,46.1,49.5,46.8,46.8,38.6,29.7,14.6,23.5,49.8,51.2,34.5,32.3,0.265,0.431,30.7,30.6,69.4,69.3,6.4,6.7,10.7,9.5,0.185,0.177,26.9,21.3,0.2,0.959,0.957,16.1,15.7,0.5
E Carolina,74.0,73.9,0.1,1.055,1.054,50.3,49.0,52.1,49.6,26.9,32.1,21.0,18.3,49.3,48.5,31.2,38.4,0.352,0.316,32.6,29.0,71.0,67.4,7.5,5.9,10.8,8.9,0.184,0.208,22.1,24.2,3.2,1.004,0.958,13.2,15.1,0.548
Bucknell,74.0,73.2,0.9,1.029,1.016,48.3,47.5,48.6,46.6,32.9,33.9,18.5,19.4,54.4,49.0,35.3,34.7,0.367,0.354,24.2,25.6,74.4,75.8,5.5,5.5,9.2,10.7,0.189,0.178,24.7,25.4,-2.0,0.919,0.947,16.6,14.9,0.546
Miami,74.0,80.6,-6.6,1.063,1.159,49.5,53.0,54.6,49.4,29.2,34.9,16.3,15.7,55.1,55.9,31.3,39.7,0.264,0.288,26.8,28.1,71.9,73.2,5.8,5.0,9.2,8.8,0.185,0.236,20.6,20.6,-0.8,0.96,0.972,14.1,13.1,0.226
Quinnipiac,74.0,72.2,1.8,1.017,0.993,47.8,46.0,52.1,49.4,28.1,33.8,19.8,16.8,50.7,46.7,29.8,36.1,0.311,0.283,31.8,24.6,75.4,68.2,7.8,7.0,11.3,10.9,0.189,0.203,22.7,21.7,1.8,0.97,0.945,15.4,15.1,0.594
NC Central,74.0,78.8,-4.9,1.033,1.101,49.6,53.3,51.4,55.3,26.9,23.0,21.8,21.7,49.9,57.6,33.7,32.7,0.398,0.42,32.6,37.7,62.3,67.4,3.9,5.7,10.2,9.1,0.195,0.187,28.4,25.8,1.1,0.958,0.943,16.4,17.9,0.345
Arizona St,73.9,76.5,-2.5,1.018,1.053,47.0,48.9,44.2,49.2,35.6,31.9,20.2,18.9,49.8,51.4,35.8,32.9,0.359,0.312,22.1,28.0,72.0,77.9,7.2,6.5,7.4,10.5,0.177,0.2,23.4,25.0,-2.9,0.927,0.967,15.5,13.9,0.406
Butler,73.8,73.8,0.0,1.07,1.07,49.7,49.4,45.7,56.2,33.6,30.2,20.7,13.5,51.7,50.9,36.6,31.3,0.373,0.204,23.6,27.6,72.4,76.4,4.4,6.0,5.9,9.8,0.202,0.199,19.5,25.9,-5.8,0.941,1.026,14.6,9.9,0.424
LSU,73.8,73.6,0.3,1.021,1.017,47.7,47.9,49.8,52.7,31.7,29.6,18.5,17.7,55.2,48.2,30.5,32.3,0.324,0.295,26.9,31.2,68.8,73.1,7.5,5.6,9.8,11.1,0.177,0.174,23.2,23.2,-3.5,0.939,0.988,16.2,14.0,0.438
Ball St,73.8,75.3,-1.5,1.052,1.073,50.4,50.3,47.9,52.4,28.8,29.9,23.3,17.7,51.0,54.5,34.6,31.5,0.445,0.307,23.9,27.6,72.4,76.1,3.7,5.4,6.6,8.9,0.181,0.204,23.4,27.8,-3.0,0.944,0.987,14.6,12.3,0.393
Gardner-Webb,73.8,78.1,-4.4,1.026,1.087,49.4,51.7,55.1,51.6,25.4,28.2,19.5,20.1,53.1,54.2,33.0,32.3,0.362,0.372,31.8,27.9,72.1,68.2,5.4,5.6,7.2,11.0,0.146,0.194,26.2,25.4,-3.2,0.935,0.979,17.8,12.8,0.355
Youngstown St,73.7,72.6,1.1,1.021,1.005,47.4,48.1,44.4,52.6,34.3,26.9,21.2,20.5,52.1,48.1,31.3,33.5,0.364,0.358,27.8,28.7,71.3,72.2,8.9,4.7,9.5,9.2,0.177,0.186,26.0,25.6,0.2,0.954,0.951,15.3,15.6,0.594
Mercer,73.7,77.0,-3.3,0.996,1.041,46.7,47.5,50.9,42.9,32.6,38.3,16.6,18.8,49.8,49.7,31.8,34.7,0.298,0.328,26.3,27.4,72.6,73.7,4.3,5.8,10.5,10.7,0.168,0.193,22.6,21.6,0.1,0.966,0.965,14.4,14.6,0.387
Kennesaw St,73.7,74.0,-0.3,1.009,1.014,47.2,48.5,44.8,46.9,32.9,29.6,22.4,23.5,52.2,48.1,30.6,32.5,0.388,0.426,30.6,25.1,74.9,69.4,7.3,6.4,8.7,11.4,0.17,0.178,26.5,25.5,-1.9,0.94,0.966,17.0,13.3,0.533
Liberty,73.7,65.3,8.4,1.083,0.96,48.9,45.4,44.0,56.4,41.4,26.4,14.6,17.1,57.5,48.3,38.7,28.7,0.303,0.261,17.7,25.9,74.1,82.3,5.2,4.7,9.0,9.1,0.238,0.14,20.5,21.4,-2.0,0.924,0.953,14.1,14.9,0.781
Wichita St,73.6,73.1,0.5,1.025,1.019,49.9,47.6,58.3,51.7,21.0,32.2,20.7,16.1,49.9,49.7,30.2,33.6,0.349,0.286,29.9,26.0,74.0,70.1,7.2,7.6,9.3,9.9,0.165,0.191,21.4,22.9,0.3,0.976,0.971,14.0,13.5,0.546
Albany,73.6,74.8,-1.2,1.039,1.056,49.0,49.9,53.7,53.5,28.5,27.4,17.8,19.1,50.2,55.8,31.7,35.6,0.295,0.347,29.4,26.1,73.9,70.6,4.2,7.9,11.4,8.1,0.173,0.191,23.8,22.4,5.3,0.985,0.909,13.4,17.5,0.484
Saint Louis,73.6,72.6,1.0,1.052,1.038,47.6,47.6,44.8,50.4,39.6,34.8,15.6,14.9,59.9,48.3,35.1,33.7,0.3,0.24,21.4,26.8,73.2,78.6,4.5,5.9,8.6,10.6,0.212,0.185,21.0,22.2,-6.0,0.908,0.994,16.7,12.3,0.531
Fordham,73.5,78.5,-5.0,1.01,1.079,47.1,51.9,47.5,53.7,32.9,25.3,19.6,20.9,49.1,52.6,32.0,35.5,0.329,0.392,30.2,27.8,72.2,69.8,5.7,6.0,10.3,10.0,0.183,0.189,25.9,23.9,0.2,0.962,0.96,15.8,14.5,0.344
Stanford,73.4,70.6,2.9,1.069,1.028,48.9,48.9,46.7,52.8,34.4,26.4,18.9,20.8,50.0,51.0,34.3,33.2,0.299,0.357,29.4,26.1,73.9,70.6,6.6,3.9,10.1,7.8,0.202,0.147,24.9,23.5,2.7,0.979,0.94,13.5,15.4,0.618
S Florida,73.4,75.4,-2.0,1.013,1.04,48.0,49.1,51.3,49.1,28.6,29.7,20.1,21.3,51.1,49.6,31.6,33.3,0.349,0.367,25.0,30.0,70.0,75.0,5.9,6.4,11.1,9.0,0.192,0.197,24.1,24.0,0.1,0.959,0.957,14.1,15.7,0.387
Villanova,73.4,67.5,5.9,1.126,1.035,50.3,47.2,43.5,44.2,39.2,38.8,17.4,17.0,51.1,50.3,39.8,34.7,0.289,0.301,28.1,24.7,75.3,71.9,4.2,4.8,8.7,8.0,0.192,0.221,23.7,23.5,0.5,0.966,0.959,13.6,14.0,0.576
W Kentucky,73.3,74.8,-1.5,0.983,1.003,46.0,47.1,48.7,43.6,31.8,32.3,19.5,24.1,48.0,48.7,31.7,30.5,0.321,0.406,21.1,27.1,72.9,78.9,4.5,6.9,10.5,9.2,0.151,0.179,25.5,22.1,-1.1,0.948,0.962,13.8,14.8,0.5
E Michigan,73.3,77.1,-3.8,1.043,1.098,48.7,51.2,50.0,46.7,31.0,32.2,19.0,21.1,52.4,51.9,35.0,37.7,0.33,0.385,26.7,30.4,69.6,73.3,5.8,5.4,9.9,10.3,0.174,0.188,25.8,25.8,-1.6,0.933,0.955,16.4,15.4,0.484
UCSB,73.2,69.4,3.8,1.071,1.015,47.8,47.7,41.7,52.0,41.0,27.8,17.3,20.2,52.4,50.5,38.1,30.8,0.297,0.32,25.4,25.8,74.2,74.6,5.3,3.7,8.9,8.8,0.215,0.165,24.9,24.9,-1.2,0.931,0.947,16.0,15.0,0.594
Oklahoma St,73.1,76.6,-3.5,0.993,1.04,47.7,48.3,49.3,46.6,27.1,34.0,23.6,19.4,47.9,54.1,32.8,34.7,0.415,0.359,28.4,28.5,71.5,71.6,4.8,7.4,12.3,10.8,0.171,0.198,26.3,25.7,1.6,0.941,0.919,16.3,17.8,0.485
Georgia Tech,73.1,72.7,0.4,1.019,1.013,47.9,46.4,51.5,46.7,31.1,36.2,17.3,17.1,49.5,46.9,34.3,35.1,0.307,0.281,27.7,26.7,73.3,72.3,6.1,6.2,8.2,9.9,0.207,0.198,22.0,22.8,-1.0,0.957,0.971,15.1,13.7,0.5
Wofford,73.1,70.8,2.2,1.098,1.065,50.1,49.2,44.7,43.5,39.2,37.0,16.1,19.5,54.2,52.0,34.8,34.5,0.306,0.364,33.6,24.4,75.6,66.4,4.7,5.1,8.2,9.5,0.214,0.18,26.1,24.2,1.6,0.991,0.968,14.3,12.9,0.515
UT Arlington,73.0,75.7,-2.7,1.027,1.065,48.0,50.1,45.9,50.1,35.1,29.9,18.9,20.0,50.6,48.5,35.4,36.0,0.37,0.343,30.9,30.6,69.4,69.1,5.1,6.0,8.0,10.8,0.191,0.212,25.3,25.9,-2.2,0.949,0.98,16.5,14.0,0.379
Saint Mary's,72.9,61.2,11.7,1.114,0.935,53.1,44.1,55.8,56.5,26.7,26.9,17.6,16.6,51.8,45.9,32.5,31.2,0.312,0.247,38.9,21.9,78.1,61.1,7.2,4.8,9.3,8.0,0.233,0.188,23.1,25.7,6.1,1.037,0.944,12.5,14.4,0.849
Sam Houston,72.9,77.1,-4.2,1.031,1.089,47.8,50.4,44.9,47.2,34.5,34.3,20.6,18.4,47.0,52.3,38.3,36.2,0.363,0.332,28.1,30.4,69.6,71.9,4.8,5.2,8.3,9.9,0.173,0.2,25.3,25.9,-1.7,0.943,0.966,15.9,14.8,0.345
DePaul,72.8,74.2,-1.4,1.034,1.054,46.9,49.5,45.9,53.7,38.6,29.8,15.5,16.5,53.3,51.3,34.6,34.4,0.274,0.289,25.0,27.4,72.6,75.0,6.0,5.6,8.7,10.1,0.223,0.21,23.4,20.6,-2.9,0.935,0.976,15.8,13.5,0.424
G Washington,72.8,68.0,4.8,1.045,0.977,49.6,45.4,47.6,51.6,30.3,31.7,22.0,16.7,53.2,49.0,31.3,31.6,0.408,0.267,28.7,31.5,68.5,71.3,5.3,8.0,12.7,11.2,0.198,0.186,21.8,25.1,-0.7,0.949,0.958,15.8,16.5,0.625
Kent St,72.7,68.1,4.6,1.044,0.978,49.0,46.0,52.4,45.6,29.0,31.4,18.6,23.0,50.5,49.0,31.0,31.3,0.299,0.386,34.3,25.6,74.4,65.7,5.7,5.3,10.7,9.1,0.173,0.185,26.4,24.3,3.9,0.987,0.93,14.7,16.4,0.656
C Michigan,72.7,74.4,-1.7,1.028,1.052,49.3,48.2,54.2,45.9,24.9,36.9,20.8,17.2,51.2,52.5,31.3,35.9,0.358,0.313,29.5,27.5,72.5,70.5,4.5,5.9,10.1,9.0,0.178,0.203,23.5,25.7,0.7,0.954,0.944,15.3,15.8,0.37
Notre Dame,72.6,72.5,0.2,1.055,1.053,49.2,48.9,50.1,50.8,31.4,31.1,18.5,18.1,50.8,53.6,35.5,32.1,0.318,0.3,27.1,23.4,76.6,72.9,3.0,5.7,8.1,8.7,0.165,0.207,22.8,24.3,0.0,0.958,0.958,14.4,13.2,0.455
N Iowa,72.6,67.8,4.8,1.084,1.013,51.2,46.6,52.2,48.3,29.8,35.5,18.0,16.1,55.2,50.0,36.8,35.6,0.351,0.282,21.7,24.1,75.9,78.3,5.3,5.0,8.7,10.0,0.207,0.163,21.9,25.1,-0.3,0.936,0.94,14.3,15.3,0.594
SC Upstate,72.6,85.5,-13.0,0.967,1.14,46.1,53.8,55.8,49.6,27.1,30.1,17.1,20.3,53.1,58.3,29.4,35.2,0.304,0.395,22.6,31.8,68.2,77.4,3.8,5.0,9.9,10.7,0.172,0.189,25.8,22.8,-4.3,0.914,0.971,17.0,14.4,0.103
Loyola Chi,72.5,69.2,3.4,1.037,0.989,48.2,46.1,48.9,47.0,34.6,33.0,16.5,20.0,53.4,47.8,34.5,33.5,0.314,0.335,27.6,24.6,75.4,72.4,8.1,5.5,8.9,9.5,0.224,0.17,25.3,23.1,0.5,0.945,0.938,15.5,15.5,0.667
Valparaiso,72.5,75.3,-2.8,1.03,1.07,48.0,50.7,47.7,52.4,30.5,28.8,21.8,18.9,47.3,54.2,32.3,35.2,0.336,0.354,25.2,26.5,73.5,74.8,6.2,5.6,8.3,8.5,0.158,0.197,23.8,24.6,2.9,0.982,0.941,12.2,15.1,0.406
Texas A&M-CC,72.5,70.1,2.4,1.049,1.015,51.2,48.4,58.5,48.2,23.7,30.4,17.8,21.4,53.0,48.4,34.7,35.0,0.367,0.404,29.7,28.9,71.1,70.3,6.4,8.2,10.2,10.9,0.2,0.185,26.4,24.1,0.1,0.957,0.955,15.3,15.7,0.533
UMass,72.5,75.7,-3.2,0.981,1.025,47.7,48.1,55.9,47.5,23.9,31.6,20.2,21.0,46.6,49.7,28.0,33.2,0.34,0.366,32.7,28.8,71.2,67.3,7.8,6.0,10.4,8.7,0.17,0.202,24.8,25.9,3.7,1.006,0.956,13.4,15.1,0.355
Northwestern,72.4,69.2,3.3,1.051,1.004,49.7,47.0,53.4,47.2,27.9,31.3,18.7,21.6,49.7,49.4,33.2,33.8,0.313,0.366,28.6,27.1,72.9,71.4,6.5,5.8,10.0,8.0,0.211,0.208,25.6,24.3,4.5,0.988,0.923,12.8,17.3,0.515
IU Indy,72.4,79.7,-7.3,1.071,1.178,48.2,54.6,38.5,48.8,41.3,32.5,20.2,18.7,46.2,57.8,36.8,37.3,0.341,0.351,27.8,32.4,67.6,72.2,3.5,7.3,8.9,8.2,0.188,0.246,26.4,24.2,0.0,0.982,0.982,13.5,13.6,0.241
FGCU,72.3,70.0,2.3,1.074,1.04,49.5,47.4,53.9,44.9,33.2,37.9,12.9,17.3,54.1,48.9,35.7,35.1,0.231,0.295,27.9,23.4,76.6,72.1,4.2,5.4,8.1,9.2,0.207,0.184,22.0,20.2,-0.2,0.965,0.969,14.1,12.6,0.548
Nevada,72.3,68.1,4.2,1.082,1.02,51.4,47.0,51.7,42.2,28.7,36.8,19.6,21.0,55.3,49.5,34.1,35.7,0.373,0.379,25.9,23.7,76.3,74.1,6.9,4.7,9.3,8.5,0.225,0.212,26.2,28.9,2.7,0.96,0.919,13.7,16.6,0.515
J Madison,72.3,71.3,1.0,1.07,1.055,48.6,49.7,44.0,51.2,37.3,29.7,18.7,19.1,50.0,49.6,34.3,35.5,0.304,0.334,30.8,27.9,72.1,69.2,5.5,4.4,8.8,8.3,0.169,0.155,24.5,23.5,1.2,0.986,0.968,13.7,13.9,0.6
N Arizona,72.3,72.9,-0.6,1.052,1.06,49.1,49.8,50.8,50.7,32.9,30.5,16.3,18.7,49.4,52.8,34.5,36.0,0.296,0.343,29.1,22.3,77.7,70.9,2.3,5.5,8.0,8.0,0.2,0.192,23.7,24.1,2.5,0.987,0.951,13.2,13.2,0.483
SE Missouri St,72.3,69.3,3.0,1.025,0.983,48.0,48.0,53.0,52.9,30.2,22.5,16.8,24.6,51.1,48.8,34.5,30.0,0.289,0.428,22.4,27.5,72.5,77.6,6.3,5.0,11.0,8.3,0.181,0.141,26.6,22.3,0.7,0.946,0.936,13.9,16.7,0.6
Siena,72.2,72.1,0.1,1.033,1.031,48.5,48.6,47.1,53.7,31.0,27.7,21.9,18.6,49.5,51.8,32.8,34.3,0.373,0.314,27.6,28.1,71.9,72.4,8.8,5.9,9.8,9.7,0.169,0.185,23.2,27.0,1.2,0.956,0.939,15.1,15.9,0.438
S Illinois,72.2,75.5,-3.3,1.028,1.075,49.0,50.0,53.6,48.0,28.0,33.5,18.4,18.5,51.0,51.5,35.1,36.1,0.342,0.337,29.7,24.5,75.5,70.3,5.1,5.5,8.5,10.3,0.195,0.203,24.1,24.2,-0.4,0.954,0.959,15.8,13.4,0.387
Idaho St,72.2,72.1,0.1,1.056,1.055,50.0,49.3,50.6,50.4,28.3,32.2,21.1,17.4,48.3,53.0,31.2,37.3,0.344,0.327,37.5,24.6,75.4,62.5,7.6,6.6,8.4,8.4,0.175,0.204,25.2,27.0,5.9,1.016,0.929,13.6,15.8,0.444
Idaho,72.1,76.6,-4.5,1.051,1.117,47.6,52.5,41.5,49.9,38.7,31.5,19.8,18.6,51.5,55.1,34.7,34.9,0.336,0.357,26.7,30.0,70.0,73.3,4.8,5.5,8.0,9.9,0.172,0.207,25.7,24.5,-2.7,0.944,0.984,15.6,13.0,0.387
Princeton,72.1,72.4,-0.4,1.04,1.045,46.3,48.3,42.7,48.5,42.8,33.3,14.5,18.2,50.1,53.5,35.3,35.5,0.246,0.317,24.0,22.6,77.4,76.0,3.5,6.5,9.9,9.1,0.209,0.189,22.5,21.7,2.8,0.963,0.923,13.4,15.6,0.607
Nicholls,72.0,71.7,0.3,1.017,1.013,47.8,48.3,48.4,51.1,32.5,27.9,19.1,21.0,45.6,49.9,35.0,30.1,0.331,0.359,29.3,29.0,71.0,70.7,6.3,7.6,10.3,9.4,0.153,0.175,25.3,21.8,1.4,0.992,0.972,13.0,14.3,0.567
Davidson,72.0,71.5,0.6,1.065,1.057,49.0,48.8,48.8,50.2,34.0,34.0,17.3,15.8,53.3,51.9,34.1,35.3,0.292,0.281,22.0,25.7,74.3,78.0,4.3,5.1,8.0,8.6,0.216,0.19,21.9,23.6,-0.8,0.955,0.967,13.0,13.5,0.5
Troy,72.0,66.3,5.7,1.048,0.965,49.1,44.9,46.6,49.4,32.2,32.5,21.2,18.1,53.6,46.5,30.1,32.8,0.37,0.292,37.1,29.3,70.7,62.9,7.7,5.8,13.3,10.7,0.199,0.179,23.8,25.2,2.4,0.979,0.944,16.5,16.8,0.656
Bowling Green,71.9,75.4,-3.4,1.0,1.048,46.6,48.1,47.6,49.0,31.8,32.8,20.5,18.2,49.6,54.6,33.5,33.2,0.345,0.298,22.4,23.6,76.4,77.6,5.4,7.4,9.7,9.0,0.15,0.204,24.3,23.5,-0.1,0.928,0.93,15.5,15.3,0.4
Le Moyne,71.9,81.4,-9.5,1.006,1.139,47.4,52.8,48.1,46.5,31.3,33.7,20.6,19.8,53.2,54.1,32.8,37.0,0.377,0.369,24.4,32.3,67.7,75.6,3.4,5.3,9.3,10.5,0.188,0.225,27.0,24.6,-5.2,0.911,0.984,17.5,14.1,0.233
Alabama St,71.9,72.7,-0.8,1.009,1.02,46.4,48.2,45.7,47.3,36.6,31.6,17.7,21.0,45.6,50.8,32.6,33.7,0.291,0.389,25.6,28.7,71.3,74.4,5.0,5.3,10.9,7.1,0.158,0.178,25.8,22.6,4.0,1.002,0.946,11.3,16.1,0.543
Pepperdine,71.8,77.2,-5.4,1.012,1.087,47.8,50.3,52.4,51.9,29.0,31.8,18.6,16.3,48.9,53.3,34.0,34.2,0.316,0.272,25.2,27.9,72.1,74.8,4.4,5.5,8.5,8.8,0.216,0.206,22.2,24.2,-1.4,0.956,0.976,14.1,13.2,0.353
Portland St,71.8,70.9,0.9,1.018,1.006,49.4,47.4,57.5,50.0,24.8,29.6,17.7,20.4,51.7,51.6,32.0,31.7,0.343,0.349,32.2,28.5,71.5,67.8,8.4,5.6,10.4,9.2,0.183,0.185,25.3,25.9,2.1,0.964,0.933,15.7,17.0,0.552
Radford,71.7,71.0,0.7,1.084,1.073,51.2,49.8,47.5,45.4,29.0,33.1,23.5,21.4,49.9,49.3,35.6,35.8,0.413,0.369,32.8,28.3,71.7,67.2,5.3,5.4,7.8,9.4,0.16,0.174,26.7,28.7,0.5,0.974,0.966,15.1,14.3,0.581
Portland,71.7,81.2,-9.5,0.999,1.13,45.7,51.0,44.8,50.1,35.1,36.8,20.0,13.1,49.8,53.3,33.7,37.8,0.322,0.221,20.9,28.8,71.2,79.1,4.4,5.1,6.3,10.4,0.209,0.241,21.4,24.3,-5.8,0.916,0.996,16.1,11.5,0.333
Georgetown,71.7,68.8,2.8,1.027,0.986,48.0,45.5,54.8,48.4,30.0,33.2,15.3,18.3,52.1,48.5,31.8,33.8,0.258,0.293,29.9,27.1,72.9,70.1,6.7,6.0,11.4,10.1,0.205,0.191,22.4,21.6,2.9,0.97,0.928,14.7,17.1,0.531
W Michigan,71.6,77.0,-5.4,1.01,1.086,48.7,50.5,57.6,49.1,24.2,33.3,18.2,17.6,49.3,55.0,28.2,35.8,0.31,0.332,32.3,26.8,73.2,67.7,3.9,7.1,9.6,8.1,0.169,0.221,25.2,24.4,3.8,1.005,0.952,13.3,14.6,0.355
Army,71.6,76.8,-5.2,1.011,1.085,47.0,49.9,52.4,50.4,32.5,34.6,15.1,15.0,52.1,55.2,30.8,34.5,0.258,0.271,23.6,28.2,71.8,76.4,3.5,5.2,8.9,8.6,0.188,0.214,22.5,21.5,-0.1,0.968,0.97,13.0,13.8,0.483
E Tennessee St,71.6,67.4,4.1,1.066,1.004,49.6,46.9,46.5,47.3,35.5,34.1,18.0,18.6,48.9,49.5,34.7,34.2,0.332,0.343,33.1,27.9,72.1,66.9,6.5,5.8,11.4,8.6,0.19,0.178,24.8,24.5,3.9,1.004,0.947,13.5,16.3,0.567
Louisiana Tech,71.5,69.3,2.2,1.042,1.011,48.5,47.7,47.7,50.6,32.3,30.4,20.0,18.9,53.5,48.8,34.1,30.8,0.35,0.32,27.5,26.2,73.8,72.5,6.7,5.2,8.4,10.4,0.208,0.171,23.8,23.8,-3.6,0.93,0.983,16.6,12.7,0.586
CS Bakersfield,71.5,75.2,-3.7,1.029,1.082,48.9,51.0,52.6,44.6,25.7,30.9,21.7,24.5,45.3,54.8,37.2,35.7,0.345,0.469,33.7,27.6,72.4,66.3,5.1,5.4,9.5,8.1,0.137,0.184,29.7,26.9,2.6,0.966,0.928,16.0,16.5,0.387
Jackson St,71.4,74.6,-3.1,0.986,1.029,47.1,47.6,50.9,47.7,26.8,34.7,22.3,17.6,47.1,50.3,32.6,34.1,0.375,0.306,28.5,29.0,71.0,71.5,5.6,6.0,9.9,11.4,0.168,0.204,22.7,23.6,-1.6,0.941,0.964,16.8,15.0,0.471
Jacksonville,71.4,71.4,0.0,1.015,1.015,47.5,47.7,52.4,49.2,31.5,31.5,16.1,19.2,47.3,50.0,37.0,34.6,0.282,0.345,32.7,28.4,71.6,67.3,8.1,6.2,11.0,11.3,0.189,0.178,24.8,22.3,1.3,0.961,0.943,16.4,16.2,0.567
Washington,71.4,75.9,-4.5,1.015,1.079,48.2,51.0,51.5,51.6,29.4,27.9,19.0,20.4,50.1,53.3,34.4,35.1,0.345,0.362,25.9,26.6,73.4,74.1,6.5,7.4,8.9,9.5,0.183,0.178,26.2,24.2,0.0,0.947,0.947,15.4,14.8,0.4
Colgate,71.4,72.7,-1.3,1.044,1.063,47.3,48.6,50.5,49.6,36.3,36.0,13.2,14.4,54.6,51.5,35.7,37.3,0.226,0.255,22.1,25.1,74.9,77.9,4.1,5.4,9.4,10.0,0.204,0.211,21.6,19.4,-1.3,0.932,0.951,15.0,14.4,0.406
Providence,71.3,72.5,-1.2,1.036,1.053,47.2,49.5,44.7,50.3,39.0,30.3,16.3,19.4,51.1,49.0,35.6,33.5,0.296,0.328,30.8,25.5,74.5,69.2,5.8,5.1,7.2,10.6,0.187,0.182,25.0,21.7,-2.2,0.954,0.985,16.2,12.0,0.375
Elon,71.3,70.5,0.8,1.059,1.047,49.5,47.6,45.7,46.7,31.7,37.7,22.6,15.5,50.8,47.1,32.8,32.9,0.388,0.247,35.6,29.5,70.5,64.4,6.7,4.8,7.6,11.0,0.171,0.216,20.2,26.2,-3.6,0.97,1.024,16.1,11.2,0.5
Jacksonville St,71.3,69.4,1.8,1.053,1.026,49.2,46.8,50.3,45.8,30.7,37.8,19.1,16.3,49.2,47.3,34.3,34.6,0.316,0.276,28.9,24.2,75.8,71.1,5.7,5.6,7.2,8.8,0.162,0.192,21.2,22.5,-0.6,0.978,0.987,13.7,11.7,0.625
Cal Baptist,71.3,70.0,1.2,1.021,1.003,48.0,48.3,53.1,56.1,28.0,25.3,18.9,18.6,48.6,50.3,31.7,33.2,0.297,0.334,32.3,27.5,72.5,67.7,4.7,5.9,9.5,9.1,0.167,0.145,24.7,23.8,2.2,0.977,0.945,15.0,15.8,0.531
SE Louisiana,71.2,70.6,0.7,1.03,1.02,49.3,47.9,54.5,47.1,24.7,33.6,20.8,19.3,49.5,51.9,32.4,33.7,0.347,0.365,29.1,27.7,72.3,70.9,4.1,6.9,9.8,8.7,0.169,0.18,25.0,24.5,1.2,0.962,0.945,15.0,16.3,0.533
Brown,71.2,72.2,-0.9,1.014,1.027,47.3,48.0,51.7,51.6,33.5,31.0,14.7,17.4,52.1,49.2,33.1,32.9,0.28,0.291,28.2,27.6,72.4,71.8,8.8,6.2,8.2,9.8,0.203,0.176,22.3,20.4,-0.9,0.963,0.975,14.7,13.5,0.5
S Alabama,71.1,65.5,5.6,1.061,0.977,49.2,42.2,46.4,33.5,34.6,51.6,19.0,14.9,53.6,46.9,31.7,33.1,0.336,0.244,26.2,31.4,68.6,73.8,4.6,5.8,13.2,8.7,0.206,0.231,20.5,23.2,1.7,0.981,0.956,12.7,17.4,0.633
UTEP,71.1,72.1,-1.0,1.006,1.02,47.6,48.2,48.7,47.6,30.1,30.9,21.2,21.4,47.7,54.0,34.6,33.4,0.37,0.4,23.3,30.4,69.6,76.7,5.2,6.2,13.5,8.8,0.176,0.201,25.7,23.7,1.6,0.939,0.917,15.1,18.7,0.5
Oral Roberts,71.1,82.0,-10.9,1.013,1.169,46.2,54.6,41.7,48.6,37.3,30.3,21.0,21.2,48.5,56.6,34.4,35.0,0.35,0.382,19.1,31.8,68.2,80.9,4.3,5.5,6.6,8.2,0.134,0.218,26.5,24.5,-5.0,0.927,0.997,14.6,12.0,0.154
Bellarmine,70.9,81.3,-10.4,1.029,1.18,46.7,53.3,47.9,42.6,36.2,38.8,15.9,18.6,53.9,57.8,35.6,39.0,0.265,0.349,17.8,28.9,71.1,82.2,3.0,4.2,9.1,9.7,0.194,0.225,25.4,22.0,-4.4,0.904,0.968,16.0,13.5,0.103
La Salle,70.9,75.5,-4.7,0.989,1.053,46.8,49.0,51.8,50.6,28.4,32.9,19.8,16.5,44.5,54.5,32.8,33.2,0.314,0.3,27.5,27.9,72.1,72.5,6.0,6.0,9.9,8.6,0.158,0.21,22.4,23.0,1.3,0.981,0.963,13.4,14.4,0.406
Kansas St,70.8,69.6,1.2,1.019,1.001,47.4,47.1,51.5,54.0,32.6,28.3,15.9,17.7,51.8,49.9,32.5,31.5,0.276,0.286,27.6,31.0,69.0,72.4,5.9,6.0,10.6,9.6,0.22,0.202,22.4,23.1,-0.6,0.952,0.962,15.4,15.6,0.485
Tenn Tech,70.8,74.1,-3.3,0.999,1.045,45.2,48.8,43.1,57.5,40.1,28.2,16.8,14.3,49.0,50.6,35.1,31.9,0.288,0.222,23.2,29.7,70.3,76.8,4.2,5.1,9.0,10.8,0.207,0.19,19.1,20.6,-4.0,0.937,0.993,15.3,13.0,0.433
Fresno St,70.7,80.7,-10.0,0.951,1.086,45.6,49.5,50.3,51.1,28.2,35.3,21.4,13.6,45.6,56.0,31.3,34.2,0.364,0.235,24.9,32.9,67.1,75.1,5.0,6.9,10.2,9.1,0.145,0.233,20.8,24.6,-2.0,0.945,0.972,15.5,15.3,0.188
Montana St,70.7,70.7,-0.1,1.036,1.037,47.8,49.5,47.7,56.4,34.4,23.5,18.0,20.2,53.8,50.6,34.3,29.8,0.319,0.319,18.3,27.2,72.8,81.7,6.1,4.2,9.0,8.3,0.19,0.172,23.5,24.1,-3.0,0.93,0.974,13.7,13.4,0.438
N Kentucky,70.6,72.2,-1.6,1.018,1.042,47.7,47.7,49.8,47.8,32.8,35.1,17.4,17.1,50.3,50.6,32.7,37.0,0.313,0.293,29.6,30.8,69.2,70.4,5.5,5.4,10.7,9.4,0.198,0.2,22.8,24.5,2.2,0.969,0.937,14.9,17.2,0.484
Murray St,70.6,70.2,0.4,1.03,1.024,48.7,49.2,45.3,55.5,31.5,24.1,23.2,20.4,48.6,52.6,33.6,32.1,0.412,0.355,26.7,24.4,75.6,73.3,5.3,6.3,9.2,8.6,0.167,0.138,25.3,27.1,1.4,0.954,0.934,14.7,15.3,0.469
Southern,70.6,69.5,1.1,0.98,0.965,47.6,45.9,53.0,45.7,26.1,31.3,20.9,23.1,47.4,48.2,31.2,33.8,0.381,0.423,32.2,26.1,73.9,67.8,7.2,8.5,12.7,10.0,0.17,0.192,26.0,25.2,4.5,0.968,0.906,15.7,18.5,0.586
Presbyterian,70.6,72.7,-2.1,1.04,1.072,49.1,51.3,52.9,52.0,29.9,26.9,17.2,21.1,49.7,53.0,36.0,34.4,0.312,0.393,27.6,29.0,71.0,72.4,5.5,5.6,9.2,9.4,0.18,0.175,27.2,23.4,1.0,0.967,0.953,14.1,15.4,0.379
Cincinnati,70.5,65.7,4.8,1.042,0.971,48.5,45.2,55.5,54.7,31.2,29.5,13.3,15.9,52.6,48.0,32.0,33.2,0.234,0.243,31.3,27.2,72.8,68.7,7.7,4.9,10.8,8.7,0.202,0.179,20.5,21.0,4.5,0.995,0.928,13.2,17.2,0.546
Oakland,70.5,72.2,-1.7,1.042,1.067,48.8,48.8,50.2,47.6,31.7,35.9,18.1,16.6,53.2,49.7,30.6,35.9,0.317,0.278,32.6,31.0,69.0,67.4,5.1,5.7,9.6,9.0,0.19,0.235,23.9,25.8,-0.8,0.974,0.985,15.3,13.8,0.455
George Mason,70.5,63.7,6.8,1.035,0.935,49.4,43.0,48.6,42.8,28.8,37.3,22.7,19.9,51.0,44.7,35.4,30.5,0.425,0.316,29.5,27.7,72.3,70.5,5.9,6.3,10.9,10.7,0.185,0.169,24.5,27.9,-1.5,0.93,0.952,17.2,16.4,0.765
F Dickinson,70.5,74.4,-3.9,0.988,1.042,46.0,49.3,48.0,55.3,33.1,26.1,19.0,18.6,49.7,53.3,32.2,30.3,0.321,0.304,23.8,29.9,70.1,76.2,4.5,5.5,9.5,9.5,0.185,0.191,22.8,22.9,-1.2,0.942,0.958,15.0,15.2,0.333
NC Greensboro,70.4,67.3,3.1,1.055,1.008,48.1,47.0,44.9,46.1,37.3,33.4,17.8,20.5,48.0,48.7,36.2,31.0,0.298,0.34,28.1,26.6,73.4,71.9,4.9,4.2,8.6,8.5,0.174,0.159,24.5,23.8,1.0,0.983,0.968,13.1,14.1,0.586
Texas So,70.4,72.4,-2.0,0.956,0.984,44.8,46.2,51.3,45.6,30.7,33.7,18.0,20.7,46.2,46.5,33.1,32.6,0.289,0.362,28.9,32.5,67.5,71.1,5.9,6.2,11.4,10.7,0.178,0.186,23.4,20.6,-1.7,0.94,0.963,17.0,16.4,0.414
Boston College,70.4,75.8,-5.4,1.001,1.078,47.4,51.1,52.9,50.5,28.3,29.1,18.8,20.4,47.5,51.3,34.5,35.2,0.315,0.371,26.7,28.1,71.9,73.3,6.7,5.4,7.4,9.2,0.163,0.182,26.2,23.8,-1.4,0.954,0.973,15.0,13.5,0.387
Rice,70.4,70.3,0.0,1.028,1.028,49.2,48.8,46.1,49.5,30.5,29.3,23.3,21.1,47.8,47.5,33.2,32.1,0.433,0.359,31.6,26.4,73.6,68.4,5.4,6.1,6.9,10.3,0.174,0.169,26.1,29.3,-0.8,0.979,0.991,15.0,12.0,0.419
Monmouth,70.3,75.4,-5.0,1.009,1.081,47.6,50.5,47.5,47.0,30.1,32.3,22.4,20.6,44.2,50.7,35.2,33.8,0.367,0.361,27.9,33.3,66.7,72.1,7.6,6.3,8.5,8.9,0.169,0.205,25.7,24.6,-1.7,0.97,0.995,14.0,14.0,0.394
Loyola Mymt,70.3,72.1,-1.7,1.008,1.033,46.7,48.3,49.7,52.2,33.0,29.4,17.2,18.4,50.6,49.0,33.1,31.8,0.29,0.289,22.0,28.4,71.6,78.0,6.6,4.0,8.0,7.7,0.184,0.189,23.7,22.4,-2.1,0.952,0.981,13.6,13.6,0.516
Denver,70.3,77.7,-7.4,0.993,1.098,46.6,52.8,51.4,48.1,29.7,26.8,18.9,25.1,50.5,56.2,33.3,34.1,0.316,0.498,23.2,27.4,72.6,76.8,4.8,4.9,9.1,9.2,0.154,0.175,31.7,24.4,-1.3,0.919,0.937,16.4,15.5,0.276
Buffalo,70.3,81.6,-11.2,0.954,1.106,44.5,51.8,47.8,52.9,33.3,29.9,19.0,17.2,51.3,53.4,30.5,37.2,0.327,0.312,22.9,29.5,70.5,77.1,5.7,5.8,8.6,11.2,0.176,0.213,23.3,22.8,-4.3,0.913,0.971,17.3,14.1,0.241
UT Martin,70.2,73.2,-3.0,0.999,1.042,46.2,47.5,42.9,41.9,37.0,39.5,20.0,18.6,48.5,52.0,31.1,35.0,0.344,0.339,32.5,29.1,70.9,67.5,4.3,7.6,11.2,11.4,0.173,0.203,24.2,23.2,1.3,0.968,0.95,16.4,16.3,0.367
Wake Forest,70.2,68.0,2.2,1.008,0.977,48.4,44.7,54.4,44.0,23.9,35.6,21.7,20.4,52.9,48.2,28.5,30.7,0.361,0.315,24.8,28.3,71.7,75.2,6.9,4.8,10.3,9.0,0.162,0.19,23.6,25.9,0.6,0.946,0.938,14.7,17.0,0.656
Prairie View,70.2,82.2,-12.0,0.964,1.129,46.2,54.4,53.9,55.0,26.6,24.9,19.5,20.1,48.6,57.6,31.5,35.7,0.338,0.405,21.8,38.0,62.0,78.2,5.6,6.3,11.0,8.6,0.164,0.211,25.8,24.7,-1.3,0.937,0.954,14.9,17.0,0.129
Charlotte,70.2,75.0,-4.8,1.03,1.101,48.8,52.9,45.5,55.2,29.5,25.8,24.9,19.0,49.6,56.4,31.0,33.3,0.427,0.37,22.7,27.7,72.3,77.3,4.0,6.4,7.5,8.1,0.175,0.184,25.4,27.8,-1.1,0.956,0.972,13.4,12.8,0.313
San Diego,70.2,80.2,-10.0,0.954,1.089,45.0,51.4,52.0,44.9,27.9,31.2,20.0,23.9,46.3,51.6,29.7,38.5,0.305,0.461,27.3,29.6,70.4,72.7,6.2,6.1,10.0,9.5,0.154,0.205,28.8,23.8,0.6,0.95,0.942,15.9,16.1,0.156
San Jose St,70.2,73.7,-3.5,1.012,1.063,46.6,50.3,46.3,56.5,34.7,27.5,19.0,15.9,48.6,54.2,35.3,31.9,0.318,0.284,24.1,30.1,69.9,75.9,4.8,5.5,8.7,9.1,0.177,0.208,23.2,22.4,-2.3,0.94,0.973,15.2,14.3,0.394
Charleston So,70.1,78.8,-8.7,0.976,1.096,46.9,53.1,46.5,60.3,30.5,21.8,23.0,17.9,50.7,55.4,30.7,32.4,0.439,0.333,28.4,25.4,74.6,71.6,4.3,6.3,6.4,10.6,0.155,0.171,24.7,26.9,-3.4,0.931,0.978,17.2,11.8,0.267
Austin Peay,70.1,75.8,-5.7,1.008,1.091,46.5,51.2,47.7,49.9,34.8,30.5,17.5,19.7,47.1,52.0,34.0,37.9,0.289,0.36,23.2,28.6,71.4,76.8,4.8,8.0,9.5,8.2,0.177,0.196,25.8,21.2,0.7,0.968,0.958,12.9,14.6,0.387
Tulsa,70.1,74.2,-4.0,0.996,1.053,46.8,50.3,48.7,53.7,32.4,27.1,18.8,19.2,51.5,50.0,31.2,32.7,0.342,0.336,24.9,28.0,72.0,75.1,4.5,6.5,8.5,10.2,0.19,0.176,22.8,23.5,-2.8,0.951,0.991,14.7,12.4,0.355
Northeastern,70.1,69.7,0.4,1.014,1.008,47.8,47.5,55.1,52.8,29.0,29.9,15.9,17.4,51.3,49.2,33.7,34.9,0.28,0.303,28.8,28.2,71.8,71.2,8.2,6.6,10.9,10.2,0.188,0.175,23.3,22.0,-0.2,0.946,0.948,16.0,15.7,0.531
Navy,70.1,71.2,-1.1,1.024,1.041,48.1,48.4,48.8,48.1,30.7,33.4,20.5,18.5,46.8,52.6,33.3,34.9,0.338,0.338,29.6,25.1,74.9,70.4,4.7,5.8,9.4,8.3,0.187,0.184,24.1,26.3,3.3,0.985,0.937,13.8,15.7,0.424
Southern Miss,69.9,76.5,-6.6,0.948,1.037,45.3,49.1,52.7,50.3,27.7,29.8,19.6,19.9,49.8,51.2,29.8,32.5,0.338,0.354,24.9,28.6,71.4,75.1,6.9,5.9,9.1,11.4,0.192,0.188,23.2,22.2,-3.8,0.918,0.97,17.3,14.0,0.29
Colorado,69.9,71.5,-1.6,0.993,1.015,47.0,47.6,50.7,47.8,28.0,32.3,21.3,19.8,51.9,48.5,32.2,34.1,0.363,0.348,26.7,25.4,74.6,73.3,6.8,6.3,10.0,12.1,0.201,0.179,23.8,26.2,-3.6,0.906,0.957,18.5,14.3,0.412
Green Bay,69.9,80.6,-10.7,0.99,1.141,45.4,53.3,42.9,48.9,34.9,32.9,22.2,18.2,52.2,54.4,32.9,37.0,0.37,0.354,16.3,30.2,69.8,83.7,3.3,7.2,7.0,9.5,0.196,0.221,25.9,24.4,-6.9,0.893,0.991,16.5,12.6,0.129
Stetson,69.9,81.9,-12.0,0.981,1.15,46.0,52.5,50.1,48.5,30.3,35.1,19.6,16.5,50.2,52.6,33.6,35.9,0.331,0.277,21.7,31.8,68.2,78.3,4.5,5.2,7.0,11.1,0.157,0.229,20.8,24.3,-7.7,0.912,1.02,16.7,11.1,0.2
C Connecticut,69.8,63.1,6.7,1.032,0.932,48.4,42.5,56.6,52.4,27.8,35.7,15.6,11.9,53.7,49.0,32.9,30.6,0.259,0.189,24.8,23.5,76.5,75.2,7.0,3.9,11.0,9.3,0.196,0.187,16.7,19.8,0.0,0.937,0.938,15.2,15.9,0.767
San Diego St,69.8,65.2,4.6,1.016,0.949,47.8,43.9,50.7,40.3,31.7,37.3,17.5,22.3,51.5,45.1,32.6,31.2,0.323,0.374,26.8,28.4,71.6,73.2,9.8,5.2,11.0,8.7,0.185,0.156,27.0,26.0,0.8,0.956,0.944,14.6,16.7,0.667
South Carolina,69.8,71.4,-1.7,1.011,1.035,48.4,48.8,47.2,53.6,28.8,29.0,24.0,17.4,49.8,51.1,31.6,34.8,0.433,0.304,27.7,25.2,74.8,72.3,5.1,8.5,8.2,11.4,0.183,0.188,23.3,27.3,-1.4,0.939,0.959,16.0,13.7,0.375
Cleveland St,69.8,67.6,2.2,1.021,0.989,48.6,46.5,55.1,46.4,26.4,32.7,18.5,21.0,49.6,49.8,32.5,34.5,0.31,0.381,32.9,31.0,69.0,67.1,8.4,6.7,11.8,9.9,0.194,0.19,26.3,23.7,3.6,0.966,0.914,15.6,19.1,0.6
AR-Pine Bluff,69.8,85.7,-15.9,0.942,1.157,45.1,54.0,54.5,45.8,29.4,34.2,16.2,20.0,52.6,58.5,31.0,35.7,0.328,0.405,24.1,33.9,66.1,75.9,3.5,5.7,9.4,12.5,0.182,0.236,25.8,22.1,-5.4,0.907,0.981,18.1,14.4,0.138
Iona,69.7,70.5,-0.8,0.98,0.991,46.3,46.0,54.3,46.1,29.0,33.6,16.7,20.4,47.5,53.9,31.8,32.6,0.279,0.356,37.4,28.3,71.7,62.6,5.2,7.1,13.5,10.0,0.204,0.206,25.7,21.8,5.5,0.971,0.894,17.3,19.9,0.5
NC State,69.6,70.4,-0.8,1.033,1.045,48.8,49.4,51.4,54.1,29.1,26.5,19.5,19.4,48.3,50.8,32.2,34.3,0.323,0.322,27.7,30.3,69.7,72.3,6.8,5.3,9.6,7.6,0.189,0.181,24.7,23.6,3.1,0.996,0.949,12.4,16.1,0.387
SIU Edward,69.6,68.3,1.3,1.0,0.981,47.3,46.0,50.9,47.9,30.4,32.5,18.7,19.7,47.9,46.3,33.1,33.1,0.331,0.331,28.4,26.8,73.2,71.6,7.2,5.3,8.9,9.7,0.184,0.165,24.1,24.1,0.5,0.968,0.96,14.7,14.7,0.613
S Indiana,69.6,75.1,-5.5,0.986,1.063,46.3,50.2,51.0,49.7,29.9,31.4,19.1,18.9,45.4,50.0,35.2,36.7,0.307,0.356,25.0,30.4,69.6,75.0,4.5,5.5,9.3,10.8,0.152,0.174,25.3,23.3,-2.3,0.947,0.979,15.1,14.3,0.286
Drexel,69.6,67.6,2.0,1.042,1.013,48.2,47.8,53.9,54.0,32.2,29.1,13.9,16.9,51.9,48.1,35.0,31.6,0.242,0.282,32.0,27.9,72.1,68.0,7.7,5.1,7.3,10.5,0.19,0.181,22.2,21.3,-2.4,0.959,0.996,15.9,12.4,0.531
E Washington,69.6,76.3,-6.7,1.004,1.101,47.0,51.8,52.0,48.1,28.9,30.8,19.1,21.1,52.5,53.8,32.3,36.9,0.311,0.397,24.7,31.4,68.6,75.3,5.4,4.9,10.7,11.4,0.188,0.205,27.2,24.2,-1.4,0.922,0.942,16.6,16.5,0.267
Hampton,69.6,70.8,-1.2,1.025,1.043,48.1,50.1,50.9,50.2,30.6,26.8,18.4,22.9,46.9,53.3,32.4,34.2,0.303,0.436,32.3,26.5,73.5,67.7,5.5,5.4,10.3,8.3,0.154,0.189,27.7,23.4,5.2,1.003,0.926,13.4,16.6,0.467
Penn,69.6,77.4,-7.8,0.997,1.109,45.8,50.4,46.6,49.1,36.4,35.0,16.9,15.8,49.9,50.8,32.6,37.5,0.289,0.258,23.4,27.9,72.1,76.6,2.8,5.4,7.0,8.4,0.197,0.216,21.9,21.6,-3.3,0.947,0.995,14.4,11.6,0.296
Incarnate Word,69.6,70.6,-1.0,1.04,1.055,48.4,50.4,52.4,54.3,32.1,26.5,15.5,19.2,49.7,50.8,35.8,36.4,0.275,0.347,32.1,29.4,70.6,67.9,6.6,6.0,9.5,10.1,0.177,0.181,24.6,22.4,1.0,0.971,0.956,15.2,15.1,0.448
Towson,69.4,67.7,1.7,1.045,1.02,48.8,47.6,50.9,50.3,32.3,32.1,16.8,17.6,46.7,50.7,33.4,34.1,0.284,0.307,34.2,25.9,74.1,65.8,5.9,5.1,9.3,8.1,0.157,0.169,24.3,22.4,5.7,1.031,0.945,12.1,15.2,0.656
Mt St Mary's,69.3,70.7,-1.4,0.991,1.012,45.7,46.0,47.7,46.4,34.3,37.1,18.0,16.5,50.3,49.4,34.5,31.8,0.305,0.26,28.1,26.5,73.5,71.9,4.3,5.7,8.4,12.3,0.211,0.189,22.3,22.9,-4.7,0.911,0.978,18.7,13.5,0.629
Hawai'i,69.3,71.9,-2.6,1.008,1.045,48.1,49.5,50.7,52.3,26.6,27.5,22.7,20.2,53.1,48.0,31.0,35.0,0.399,0.337,28.5,23.5,76.5,71.5,4.0,4.9,5.1,11.1,0.17,0.153,26.3,28.4,-4.4,0.915,0.979,18.1,11.6,0.448
Alabama A&M,69.3,79.9,-10.6,0.923,1.065,43.8,50.6,44.7,45.7,33.1,31.1,22.2,23.2,44.3,51.8,30.8,39.0,0.386,0.467,31.8,32.6,67.4,68.2,6.7,5.1,10.7,12.1,0.164,0.204,28.4,25.1,0.9,0.938,0.925,18.6,18.1,0.241
UNLV,69.2,68.1,1.1,1.027,1.01,48.9,46.9,51.9,47.1,27.6,34.2,20.5,18.8,49.6,50.5,33.3,31.9,0.358,0.32,25.6,27.6,72.4,74.4,6.5,5.7,9.7,8.3,0.179,0.216,23.6,26.5,0.3,0.962,0.957,14.1,15.4,0.546
Virginia Tech,69.2,73.2,-4.0,1.01,1.068,46.7,49.7,48.2,50.0,34.2,31.3,17.7,18.8,50.3,54.6,35.0,32.6,0.308,0.318,28.4,26.9,73.1,71.6,3.4,5.9,7.9,10.2,0.184,0.208,24.8,21.8,-2.2,0.927,0.959,17.5,14.1,0.406
VMI,69.1,75.5,-6.4,0.991,1.082,45.7,49.5,42.4,46.1,34.7,38.4,22.9,15.5,50.3,56.3,31.0,34.5,0.375,0.305,22.9,30.3,69.7,77.1,4.4,5.5,10.7,10.5,0.158,0.251,23.8,25.5,-2.5,0.929,0.965,15.9,15.1,0.367
Maine,69.0,67.1,1.9,1.013,0.986,47.6,46.2,54.9,53.1,28.5,29.7,16.6,17.2,50.6,50.6,35.7,33.3,0.282,0.291,18.7,30.8,69.2,81.3,6.3,4.9,13.0,8.5,0.207,0.195,22.4,20.8,0.6,0.93,0.921,14.0,18.9,0.563
Campbell,68.9,69.3,-0.4,1.018,1.025,47.0,48.6,48.9,56.1,32.7,27.3,18.5,16.7,51.5,55.8,31.9,31.1,0.297,0.299,22.4,26.5,73.5,77.6,5.4,6.0,9.6,9.4,0.194,0.2,23.7,24.0,1.2,0.947,0.93,14.0,16.6,0.433
Florida A&M,68.8,76.1,-7.3,0.981,1.086,45.3,51.9,42.6,50.1,36.8,28.7,20.6,21.2,50.8,51.5,33.6,34.2,0.367,0.399,25.0,30.6,69.4,75.0,5.3,5.6,7.1,11.1,0.173,0.181,25.9,23.9,-5.7,0.906,0.987,18.1,13.2,0.414
Seattle,68.8,67.6,1.1,0.994,0.978,47.9,46.4,47.9,50.8,27.6,28.7,24.5,20.6,46.3,53.3,31.3,31.9,0.423,0.367,27.6,24.6,75.4,72.4,6.0,7.3,11.6,9.5,0.169,0.192,25.6,27.9,4.7,0.964,0.896,14.7,18.6,0.4
Loyola MD,68.7,72.1,-3.4,1.006,1.056,46.9,49.4,50.8,53.1,32.4,29.4,16.7,17.5,50.7,52.9,32.9,35.1,0.293,0.302,26.9,26.2,73.8,73.1,5.1,4.2,10.1,10.5,0.2,0.199,22.6,23.3,0.1,0.948,0.946,15.4,14.9,0.367
Lehigh,68.7,72.3,-3.6,0.998,1.05,46.7,49.8,49.8,53.0,32.9,27.1,17.3,19.9,49.1,53.0,36.4,31.2,0.315,0.339,18.7,27.2,72.8,81.3,3.6,5.2,8.4,9.0,0.184,0.181,23.7,24.7,-2.3,0.929,0.963,14.1,14.0,0.321
Drake,68.7,59.7,9.0,1.108,0.962,53.1,45.6,50.3,50.8,27.9,28.6,21.9,20.6,54.6,53.8,35.3,31.6,0.432,0.365,35.8,23.2,76.8,64.2,5.2,4.8,14.5,8.5,0.209,0.163,26.2,28.0,5.5,0.964,0.875,16.0,19.9,0.906
Bethune,68.6,72.2,-3.5,0.965,1.014,46.3,47.9,52.8,52.0,26.8,28.6,20.4,19.4,48.4,49.8,31.9,31.3,0.359,0.324,27.1,28.3,71.7,72.9,6.1,6.6,9.4,10.7,0.18,0.192,22.6,24.8,-2.7,0.931,0.968,17.0,14.4,0.515
Binghamton,68.6,73.0,-4.4,0.996,1.059,46.9,49.6,51.0,49.8,30.3,31.3,18.6,18.9,50.6,51.1,35.4,31.8,0.337,0.319,24.0,24.2,75.8,76.0,4.9,7.6,6.3,11.6,0.183,0.174,23.4,23.7,-5.4,0.913,0.992,17.3,11.2,0.414
Holy Cross,68.6,73.7,-5.2,1.014,1.09,45.4,50.7,46.9,54.5,40.1,31.5,13.0,14.0,49.6,54.5,38.6,34.5,0.222,0.254,21.4,25.4,74.6,78.6,4.9,4.5,6.4,9.8,0.18,0.217,20.9,20.6,-4.3,0.919,0.982,16.1,11.9,0.367
C Arkansas,68.5,79.4,-10.9,0.961,1.113,44.0,48.5,45.3,40.8,36.7,46.6,17.9,12.6,50.2,55.4,29.6,38.7,0.288,0.226,25.5,27.0,73.0,74.5,3.9,6.5,10.0,10.9,0.188,0.246,19.5,21.2,-0.8,0.941,0.952,15.8,14.5,0.226
Little Rock,68.5,67.7,0.8,0.977,0.966,46.3,45.1,55.0,42.9,27.8,34.6,17.1,22.5,47.2,46.3,36.6,31.4,0.29,0.379,29.4,32.6,67.4,70.6,9.4,5.1,12.8,12.0,0.189,0.186,24.6,22.7,-0.7,0.933,0.943,17.6,18.2,0.548
St Bonaventure,68.4,65.6,2.8,1.026,0.984,48.6,44.3,54.7,45.7,27.1,39.2,18.2,15.1,51.5,50.8,31.3,32.8,0.306,0.245,25.5,25.6,74.4,74.5,5.8,6.1,11.1,9.3,0.16,0.204,20.2,22.4,2.0,0.962,0.932,13.9,16.6,0.636
Duquesne,68.4,68.1,0.3,1.013,1.009,46.8,47.8,46.8,47.9,37.0,30.0,16.2,22.1,49.2,48.1,34.0,35.9,0.3,0.395,32.1,27.8,72.2,67.9,8.1,5.8,10.2,9.8,0.198,0.183,26.6,24.4,3.4,0.975,0.925,15.5,17.4,0.387
Harvard,68.3,72.3,-4.0,0.992,1.049,45.6,48.7,52.3,55.0,31.9,29.8,15.8,15.2,52.2,53.4,32.0,33.5,0.244,0.246,21.8,29.2,70.8,78.2,5.0,5.7,10.8,10.0,0.199,0.198,20.9,20.0,-2.3,0.92,0.953,16.0,15.4,0.423
Lindenwood,68.3,74.2,-5.9,0.937,1.018,45.6,48.0,54.3,49.7,24.2,30.9,21.6,19.5,47.6,50.0,26.7,34.6,0.36,0.347,28.3,28.8,71.2,71.7,6.3,7.3,10.6,10.2,0.14,0.181,23.3,25.1,1.8,0.962,0.936,15.4,16.8,0.433
Utah Tech,68.2,76.9,-8.6,0.966,1.089,45.2,52.7,47.6,54.4,32.9,24.0,19.5,21.6,47.9,53.7,33.4,34.4,0.337,0.411,23.9,31.3,68.7,76.1,5.8,6.7,9.1,10.7,0.173,0.193,27.5,24.5,-2.1,0.929,0.959,16.1,15.1,0.161
West Virginia,68.2,64.8,3.3,1.007,0.957,45.6,45.3,46.3,51.6,38.1,27.9,15.6,20.5,50.9,47.3,32.6,29.7,0.256,0.322,23.9,29.2,70.8,76.1,7.4,5.0,11.2,8.2,0.204,0.155,24.6,21.2,0.4,0.954,0.947,14.3,16.7,0.594
Minnesota,68.1,69.7,-1.7,1.014,1.038,48.2,49.0,53.9,51.8,28.8,28.5,17.3,19.7,50.7,49.2,32.2,34.5,0.315,0.331,27.1,27.1,72.9,72.9,8.4,6.5,9.0,8.2,0.227,0.222,26.1,24.8,0.1,0.965,0.964,14.3,14.1,0.469
Pacific,68.0,77.2,-9.2,0.973,1.104,46.1,51.4,52.0,47.4,28.0,31.5,20.0,21.2,50.3,52.9,29.7,35.8,0.328,0.371,26.4,27.0,73.0,73.6,4.8,5.6,8.1,10.2,0.171,0.227,26.6,24.4,-2.2,0.932,0.964,16.8,13.5,0.226
St Francis PA,68.0,73.4,-5.4,0.984,1.061,44.9,48.8,50.5,49.3,35.2,33.9,14.4,16.8,52.6,53.3,33.8,32.2,0.24,0.278,23.4,28.6,71.4,76.6,4.0,5.3,8.8,12.1,0.184,0.193,22.5,21.0,-4.4,0.909,0.973,17.5,14.0,0.419
NC A&T,67.9,76.9,-9.0,0.959,1.085,45.6,50.5,52.4,51.3,28.6,30.6,18.9,18.1,46.3,52.4,30.0,33.3,0.312,0.3,24.6,30.0,70.0,75.4,5.1,6.0,8.6,8.2,0.152,0.223,21.0,23.0,-1.3,0.97,0.989,13.4,13.1,0.194
Florida Intl,67.9,73.0,-5.1,0.935,1.005,45.6,47.4,56.3,48.8,22.1,30.2,21.6,21.0,47.4,52.6,28.8,33.3,0.36,0.375,28.2,26.0,74.0,71.8,8.0,5.7,12.3,11.1,0.158,0.197,23.8,24.5,2.2,0.934,0.904,16.8,18.1,0.258
New Orleans,67.9,82.5,-14.5,0.94,1.141,45.6,52.0,55.7,49.2,24.5,35.9,19.8,14.9,46.0,55.1,30.4,36.4,0.339,0.266,28.0,33.8,66.2,72.0,4.1,7.7,10.1,10.7,0.17,0.244,20.8,23.0,-3.5,0.95,0.999,16.1,13.5,0.129
Weber St,67.9,74.4,-6.5,1.002,1.098,47.6,50.7,51.5,44.3,28.9,35.3,19.5,20.4,51.1,52.2,32.4,36.7,0.347,0.372,21.8,28.8,71.2,78.2,4.0,6.1,9.5,8.8,0.152,0.205,26.9,24.9,-2.4,0.932,0.967,15.1,14.3,0.29
Lafayette,67.8,69.7,-1.8,0.998,1.025,46.4,47.2,48.8,49.8,33.9,33.8,17.4,16.4,49.7,48.3,34.0,35.8,0.305,0.269,22.4,25.6,74.4,77.6,6.2,3.9,8.2,9.3,0.212,0.201,22.7,24.1,-0.9,0.943,0.957,14.7,14.6,0.375
N Texas,67.8,60.3,7.5,1.091,0.971,50.9,46.1,48.3,48.2,30.4,28.4,21.3,23.4,50.8,48.1,35.9,30.4,0.362,0.383,30.9,26.3,73.7,69.1,4.9,5.4,11.9,9.3,0.17,0.153,24.6,25.3,2.5,0.97,0.93,14.5,16.9,0.742
W Georgia,67.8,78.8,-11.1,0.962,1.119,46.4,51.7,59.1,46.3,23.5,34.9,17.4,18.9,48.4,56.9,29.7,36.8,0.288,0.363,24.5,26.9,73.1,75.5,5.2,5.2,9.7,9.7,0.184,0.223,22.5,21.8,0.6,0.957,0.948,14.2,14.6,0.167
American,67.8,68.5,-0.8,1.032,1.044,46.7,49.6,44.6,53.3,38.0,28.2,17.4,18.4,51.4,53.5,35.2,33.8,0.29,0.341,22.2,25.9,74.1,77.8,3.5,5.2,9.5,8.6,0.188,0.191,27.0,23.4,-0.2,0.935,0.939,14.9,15.6,0.606
Kansas City,67.7,70.3,-2.6,1.007,1.046,46.0,49.2,44.1,49.5,36.2,30.4,19.7,20.0,47.5,53.6,33.1,31.8,0.309,0.352,31.0,26.5,73.5,69.0,5.8,4.5,9.2,9.6,0.165,0.175,25.8,25.1,0.6,0.959,0.951,15.9,14.7,0.31
New Mexico St,67.7,67.3,0.4,1.001,0.994,47.7,47.2,50.2,46.0,29.6,31.2,20.2,22.8,46.1,48.8,30.9,29.5,0.345,0.392,31.0,26.4,73.6,69.0,3.9,6.5,8.4,8.8,0.16,0.174,27.3,25.1,1.3,0.999,0.98,13.3,13.1,0.483
TCU,67.6,68.7,-1.2,0.98,0.996,47.2,46.1,54.1,50.1,27.1,32.9,18.8,17.0,47.8,53.4,30.0,31.6,0.335,0.283,30.9,28.0,72.0,69.1,6.1,6.0,11.0,9.1,0.176,0.228,22.7,23.5,3.5,0.979,0.928,14.7,17.0,0.5
Abl Christian,67.6,71.0,-3.4,0.937,0.985,46.3,48.5,59.5,51.3,18.2,23.0,22.3,25.7,47.8,52.7,28.9,32.6,0.372,0.514,27.8,30.7,69.3,72.2,5.7,8.3,13.9,11.0,0.173,0.169,29.8,24.6,2.3,0.917,0.885,18.1,21.0,0.448
Missouri St,67.5,71.9,-4.5,0.993,1.059,46.8,49.8,49.8,48.7,32.2,31.3,18.0,20.0,49.1,55.0,36.0,36.1,0.343,0.385,30.1,25.8,74.2,69.9,5.1,7.5,10.4,9.8,0.177,0.204,27.1,24.1,0.6,0.927,0.919,17.9,16.9,0.233
Lamar,67.4,67.0,0.5,0.988,0.981,46.4,46.5,51.8,49.2,30.5,31.1,17.6,19.8,44.3,47.9,35.6,31.4,0.29,0.348,33.4,29.3,70.7,66.6,9.0,6.6,10.1,11.2,0.202,0.19,22.8,23.6,0.7,0.977,0.967,15.8,15.0,0.567
N Illinois,67.4,79.5,-12.1,0.926,1.092,41.9,51.7,39.5,46.2,41.3,31.0,19.2,22.8,45.3,51.0,32.7,38.0,0.316,0.44,14.5,28.7,71.3,85.5,5.9,5.0,7.7,9.1,0.162,0.199,27.4,23.0,-3.8,0.909,0.961,14.9,14.4,0.107
Niagara,67.4,71.6,-4.2,1.007,1.07,46.2,49.2,46.8,49.2,35.5,32.7,17.8,18.1,51.8,51.8,34.9,36.7,0.304,0.298,21.0,25.2,74.8,79.0,4.0,5.3,9.1,9.8,0.183,0.212,23.2,23.9,-2.4,0.909,0.945,16.7,14.8,0.333
Old Dominion,67.4,72.8,-5.5,0.98,1.06,46.7,50.4,52.4,52.3,27.5,28.5,20.1,19.2,45.0,51.2,28.3,34.1,0.309,0.35,34.2,30.1,69.9,65.8,5.9,6.6,8.0,9.6,0.151,0.186,24.6,22.3,2.1,1.012,0.981,14.0,13.7,0.394
Stonehill,67.3,70.9,-3.6,1.005,1.059,45.9,50.1,44.0,53.1,37.9,27.8,18.2,19.1,49.4,50.1,35.4,34.9,0.314,0.327,24.3,28.1,71.9,75.7,4.6,7.0,8.9,10.3,0.21,0.155,25.0,23.1,-2.9,0.928,0.972,16.2,14.0,0.433
W Carolina,67.1,80.6,-13.5,0.91,1.093,41.3,50.6,43.4,46.4,38.7,33.8,17.9,19.8,46.3,52.8,29.7,32.6,0.27,0.34,24.3,26.7,73.3,75.7,5.0,4.9,6.7,11.2,0.154,0.204,23.9,20.0,-4.7,0.93,0.994,16.6,11.7,0.185
Rider,67.0,71.8,-4.8,1.003,1.075,48.1,49.5,57.5,49.9,24.2,35.1,18.3,15.1,48.1,52.8,31.2,35.7,0.296,0.273,31.0,28.4,71.6,69.0,5.4,6.2,8.0,9.2,0.189,0.212,21.6,23.0,0.5,0.98,0.972,14.6,13.8,0.424
S Utah,66.8,75.3,-8.5,0.929,1.048,44.7,50.8,53.2,58.9,24.9,22.6,22.0,18.5,47.2,49.8,30.5,33.3,0.362,0.33,27.8,30.4,69.6,72.2,6.5,5.9,6.5,12.3,0.157,0.196,25.4,26.5,-6.0,0.908,0.991,18.8,12.9,0.321
Fairfield,66.7,73.5,-6.8,0.978,1.078,45.3,50.1,50.8,51.4,32.5,30.4,16.7,18.2,45.8,53.4,31.5,36.0,0.254,0.31,27.1,28.3,71.7,72.9,5.3,6.0,9.7,8.9,0.181,0.204,24.0,22.6,2.9,0.985,0.942,13.4,15.9,0.355
W Illinois,66.6,73.3,-6.7,0.989,1.089,45.6,51.1,49.2,52.5,34.9,29.4,15.8,18.1,46.7,50.2,37.3,35.1,0.272,0.306,25.3,29.9,70.1,74.7,6.0,4.7,8.1,9.9,0.141,0.187,21.6,21.3,-4.0,0.939,0.999,15.9,12.3,0.321
Detroit Mercy,66.3,76.6,-10.4,0.94,1.087,44.8,50.4,55.9,42.4,25.3,35.7,18.9,21.8,43.9,52.4,33.3,33.2,0.289,0.398,29.7,28.9,71.1,70.3,4.2,6.3,8.2,10.4,0.15,0.213,26.9,23.0,-2.5,0.951,0.986,16.3,13.2,0.226
UC Davis,66.2,71.1,-4.9,0.944,1.014,44.9,47.6,48.0,46.4,28.4,30.7,23.6,22.9,45.1,48.3,32.2,35.2,0.383,0.392,25.7,32.2,67.8,74.3,6.3,4.6,11.1,9.8,0.15,0.186,26.2,27.0,-0.2,0.923,0.926,17.3,18.7,0.433
UL Monroe,66.1,76.9,-10.8,0.945,1.099,44.7,50.0,50.8,49.0,29.5,36.8,19.7,14.3,43.1,55.8,32.5,34.0,0.311,0.251,27.3,30.8,69.2,72.7,3.8,6.5,9.9,10.8,0.172,0.235,20.2,22.2,-1.4,0.966,0.985,14.8,13.8,0.167
Coastal Car,66.0,72.2,-6.2,0.999,1.093,46.7,51.9,47.2,49.7,33.4,28.5,19.5,21.8,47.7,48.5,34.8,32.5,0.344,0.369,26.4,27.0,73.0,73.6,2.8,6.6,4.7,10.0,0.171,0.159,27.0,26.2,-5.9,0.946,1.035,15.8,9.0,0.267
Marist,66.0,64.5,1.5,0.991,0.969,46.1,45.6,55.7,49.2,30.6,30.4,13.7,20.4,51.5,44.9,31.4,33.7,0.224,0.332,28.8,22.9,77.1,71.2,6.3,4.3,8.7,10.4,0.21,0.152,22.4,22.2,0.3,0.952,0.948,15.8,14.4,0.667
Long Beach St,65.9,75.6,-9.8,0.96,1.102,44.8,51.3,47.2,48.0,31.4,32.4,21.4,19.6,47.0,51.2,35.3,38.1,0.355,0.352,25.1,31.9,68.1,74.9,5.2,5.0,7.8,10.6,0.161,0.189,26.7,26.1,-4.9,0.897,0.967,18.6,15.0,0.167
Wyoming,65.8,70.7,-4.9,0.98,1.053,45.6,50.3,48.7,49.3,34.8,28.3,16.5,22.4,49.5,51.7,34.4,33.3,0.304,0.411,27.6,24.7,75.3,72.4,5.2,5.8,6.3,10.3,0.17,0.169,28.4,25.6,-1.6,0.932,0.956,17.2,13.8,0.355
App State,65.8,64.6,1.2,0.998,0.979,46.8,45.0,46.9,51.8,34.3,33.0,18.8,15.2,48.8,47.0,34.0,29.8,0.352,0.222,24.7,27.0,73.0,75.3,5.3,6.4,8.3,9.9,0.179,0.176,20.3,25.5,-2.7,0.953,0.994,14.7,12.6,0.517
Mercyhurst,65.8,71.8,-6.0,0.99,1.08,45.6,50.8,47.7,49.1,31.9,31.1,20.4,19.9,45.8,56.0,35.7,35.7,0.309,0.383,20.8,31.4,68.6,79.2,3.6,5.2,9.9,8.7,0.197,0.209,25.1,25.4,0.4,0.932,0.926,14.7,17.7,0.429
Boston U,65.6,68.3,-2.6,0.991,1.03,46.1,47.5,48.6,47.5,34.3,33.9,17.0,18.6,50.7,51.2,33.0,36.1,0.307,0.32,30.3,21.2,78.8,69.7,4.9,5.6,8.8,11.3,0.173,0.191,24.2,24.1,0.3,0.933,0.929,17.7,14.9,0.484
Stony Brook,65.6,75.1,-9.4,0.99,1.132,45.9,52.0,46.9,50.0,33.3,34.9,19.8,15.0,45.7,57.2,33.8,36.3,0.316,0.284,26.3,30.3,69.7,73.7,3.5,6.7,7.4,10.5,0.167,0.244,23.2,23.3,-2.4,0.947,0.983,15.9,12.9,0.226
Merrimack,65.6,64.2,1.4,0.986,0.965,44.9,45.5,48.4,52.1,36.4,29.3,15.2,18.6,49.3,47.2,33.0,31.0,0.244,0.299,18.4,36.9,63.1,81.6,6.7,4.9,14.2,7.6,0.178,0.207,23.6,20.4,0.3,0.953,0.948,12.3,19.3,0.546
Richmond,65.6,72.6,-6.9,0.981,1.084,44.6,49.5,44.8,40.7,35.3,39.0,19.9,20.3,49.7,52.4,31.2,35.4,0.297,0.371,17.7,25.7,74.3,82.3,3.7,5.3,9.0,9.1,0.173,0.19,26.2,22.5,-2.2,0.929,0.962,14.0,13.9,0.267
LIU,65.5,66.5,-1.0,0.964,0.979,45.7,46.5,56.3,45.6,26.3,29.0,17.4,25.4,48.8,48.8,30.3,31.2,0.276,0.435,30.7,24.6,75.4,69.3,6.6,6.8,11.3,10.8,0.157,0.19,27.8,22.6,1.7,0.943,0.918,17.2,17.0,0.484
NW State,65.4,69.0,-3.6,0.982,1.037,46.1,48.0,49.9,45.9,31.4,35.1,18.8,19.0,46.5,46.8,35.2,36.2,0.322,0.331,31.2,30.2,69.8,68.8,7.4,7.4,9.9,10.9,0.185,0.182,23.7,23.4,-1.8,0.946,0.973,17.2,14.8,0.467
Alcorn St,65.3,72.4,-7.1,0.961,1.065,46.1,48.9,56.1,46.4,24.7,35.9,19.2,17.6,45.4,54.6,31.8,34.1,0.304,0.315,32.3,30.8,69.2,67.7,4.6,7.4,9.8,9.8,0.152,0.228,24.6,22.9,0.3,0.96,0.955,16.5,15.8,0.355
Evansville,65.1,71.4,-6.4,0.95,1.043,44.7,47.9,51.2,43.3,30.5,36.4,18.3,20.3,51.5,49.4,29.9,34.1,0.311,0.346,19.9,27.4,72.6,80.1,7.7,4.5,8.8,10.8,0.178,0.193,24.3,23.2,-3.3,0.914,0.963,15.9,14.5,0.323
Louisiana,64.9,73.3,-8.4,0.946,1.068,44.2,51.4,49.2,50.4,31.6,25.8,19.2,23.8,45.0,53.8,31.3,31.5,0.298,0.438,22.8,34.2,65.8,77.2,5.3,7.1,10.3,9.0,0.151,0.178,25.4,22.8,-0.7,0.951,0.961,14.1,16.2,0.344
New Hampshire,64.9,77.2,-12.3,0.922,1.097,42.7,51.4,49.7,51.5,34.8,30.8,15.5,17.7,46.8,56.4,31.7,34.1,0.264,0.33,23.5,30.0,70.0,76.5,4.0,7.7,8.1,9.7,0.156,0.212,23.5,20.8,-2.9,0.925,0.966,16.6,14.5,0.2
Virginia,64.8,66.8,-2.0,1.029,1.061,46.4,49.1,45.6,50.3,38.5,32.1,15.9,17.6,49.9,50.6,37.5,34.1,0.264,0.288,20.6,27.3,72.7,79.4,6.9,5.4,8.7,9.3,0.233,0.19,24.3,21.7,-2.6,0.931,0.972,14.7,13.6,0.469
Canisius,64.8,78.6,-13.8,0.959,1.163,43.1,53.7,47.3,50.4,37.9,32.3,14.7,17.4,48.4,58.7,36.7,36.2,0.233,0.314,14.8,33.3,66.7,85.2,4.2,5.8,9.1,9.1,0.166,0.247,23.6,18.6,-6.4,0.882,0.976,17.1,14.1,0.097
Hou Christian,64.7,69.9,-5.2,0.974,1.053,45.0,50.4,46.4,59.1,36.0,24.5,17.6,16.4,49.3,54.5,32.5,32.3,0.305,0.294,24.4,29.3,70.7,75.6,6.4,5.6,11.4,11.3,0.159,0.175,20.3,22.1,-0.9,0.938,0.952,15.8,15.5,0.333
SF Austin,64.7,69.4,-4.7,0.921,0.988,44.2,46.6,54.1,49.4,28.0,31.5,17.9,19.1,48.8,47.8,28.7,34.4,0.323,0.341,32.6,31.2,68.8,67.4,7.0,6.2,11.3,12.9,0.172,0.19,23.6,23.3,-0.6,0.935,0.944,18.8,17.2,0.393
Vermont,64.5,65.0,-0.5,0.987,0.994,45.5,46.0,46.8,50.5,35.3,32.6,18.0,16.8,49.5,48.3,32.3,33.0,0.298,0.271,24.1,22.7,77.3,75.9,7.6,6.6,7.8,9.4,0.172,0.161,21.0,22.8,-0.3,0.947,0.952,15.0,13.8,0.613
Hofstra,64.5,65.6,-1.1,0.962,0.979,44.0,45.9,48.0,42.9,36.5,34.7,15.5,22.4,48.1,42.6,33.2,33.9,0.253,0.38,23.5,26.2,73.8,76.5,7.0,5.3,8.6,9.1,0.193,0.17,26.4,22.7,-2.1,0.938,0.969,15.5,14.2,0.419
Grambling,64.4,69.3,-4.9,0.949,1.021,45.1,47.6,50.8,49.5,27.9,31.3,21.3,19.2,46.9,47.0,32.0,35.7,0.351,0.313,24.0,30.3,69.7,76.0,6.3,6.6,9.9,11.5,0.16,0.189,24.8,23.2,-2.9,0.92,0.962,17.0,15.8,0.29
E Texas A&M,64.4,74.9,-10.5,0.922,1.072,42.1,50.9,45.4,51.8,39.1,29.2,15.5,19.0,51.1,52.6,31.4,37.4,0.28,0.365,25.3,34.6,65.4,74.7,6.9,6.9,12.0,13.2,0.203,0.227,24.0,22.0,-3.9,0.894,0.95,19.7,17.0,0.161
Saint Peter's,64.1,66.3,-2.2,0.959,0.991,44.9,46.9,45.4,47.7,32.4,29.8,22.2,22.5,42.4,47.0,32.2,31.9,0.347,0.376,34.8,28.7,71.3,65.2,6.5,7.6,9.4,10.3,0.146,0.171,28.2,24.6,0.1,0.965,0.964,17.2,15.1,0.407
NJIT,63.9,73.9,-10.1,0.928,1.074,43.3,51.9,50.6,53.2,31.3,25.8,18.1,21.0,45.0,51.9,30.5,31.0,0.274,0.386,25.6,29.6,70.4,74.4,5.9,6.4,6.8,8.5,0.139,0.191,26.7,21.9,-3.7,0.949,1.003,15.6,11.8,0.167
Morehead St,63.7,69.8,-6.1,0.953,1.045,46.0,49.5,51.1,52.4,27.3,27.0,21.6,20.6,45.5,49.9,31.2,34.1,0.376,0.347,28.2,22.9,77.1,71.8,4.3,6.5,7.9,10.0,0.159,0.169,24.9,25.0,-0.3,0.957,0.962,15.8,12.8,0.414
E Illinois,63.5,70.3,-6.7,0.915,1.011,44.1,47.0,54.0,42.8,25.5,35.5,20.6,21.7,42.6,50.2,31.7,34.7,0.33,0.397,26.3,29.3,70.7,73.7,4.5,8.1,12.0,9.2,0.149,0.208,27.2,23.6,1.5,0.949,0.926,16.0,17.9,0.321
Sacramento St,63.3,73.4,-10.0,0.946,1.096,43.8,50.6,46.1,43.1,35.8,36.5,18.2,20.3,49.1,55.2,31.2,36.6,0.313,0.392,26.9,24.7,75.3,73.1,5.1,5.8,8.4,11.4,0.176,0.216,28.4,26.0,-0.7,0.928,0.938,17.6,15.2,0.138
Maryland ES,63.3,79.5,-16.2,0.918,1.153,43.7,55.1,48.8,52.3,30.5,27.0,20.7,20.7,44.7,58.6,31.5,33.3,0.356,0.406,25.1,32.6,67.4,74.9,3.6,5.6,7.6,10.5,0.147,0.231,27.0,24.6,-4.1,0.929,0.989,17.2,13.3,0.074
The Citadel,63.0,76.9,-13.9,0.929,1.134,43.7,52.4,47.5,48.4,34.6,33.3,17.9,18.3,49.5,56.3,29.2,34.7,0.328,0.328,25.2,31.7,68.3,74.8,3.3,6.3,8.1,11.6,0.171,0.218,23.8,23.5,-4.2,0.931,0.993,17.0,13.1,0.039
Chicago St,62.5,78.7,-16.2,0.878,1.105,40.6,51.9,47.7,49.5,34.8,31.0,17.5,19.5,43.4,55.7,30.6,35.8,0.268,0.369,19.9,31.2,68.8,80.1,6.2,5.3,10.3,9.7,0.151,0.223,26.6,20.2,-2.8,0.917,0.955,16.5,15.7,0.125
CS Fullerton,62.3,78.7,-16.3,0.886,1.118,43.0,51.2,51.8,45.2,23.6,35.7,24.7,19.1,46.1,55.9,27.0,34.9,0.392,0.341,23.9,28.1,71.9,76.1,3.3,6.2,7.0,11.7,0.124,0.216,25.3,26.9,-4.4,0.901,0.964,18.8,14.0,0.133
Air Force,61.9,73.7,-11.7,0.931,1.107,43.0,52.3,42.5,52.1,39.2,29.4,18.3,18.5,50.5,54.8,33.1,36.3,0.354,0.354,19.9,27.5,72.5,80.1,5.2,6.4,8.5,10.2,0.201,0.193,26.8,26.2,-5.3,0.886,0.966,18.7,13.7,0.125
Seton Hall,61.6,70.2,-8.6,0.918,1.047,44.4,48.5,54.8,43.9,25.6,35.3,19.6,20.8,43.9,54.5,31.2,36.6,0.329,0.397,28.7,30.2,69.8,71.3,6.5,7.5,12.1,10.3,0.167,0.209,26.9,25.4,3.5,0.954,0.901,16.4,19.4,0.219
Coppin St,61.3,76.9,-15.6,0.866,1.086,42.2,51.0,53.3,50.0,24.8,30.7,21.9,19.4,44.2,56.3,29.0,36.3,0.364,0.371,23.2,33.1,66.9,76.8,3.3,8.9,11.1,11.1,0.152,0.221,24.6,23.5,-2.6,0.896,0.933,19.0,17.7,0.172
Tarleton St,60.2,70.2,-10.0,0.876,1.021,43.1,48.4,55.0,43.8,20.3,30.8,24.8,25.4,45.0,52.9,32.2,33.9,0.415,0.483,25.8,31.6,68.4,74.2,6.8,8.9,12.8,11.5,0.139,0.2,28.0,27.7,-2.6,0.861,0.898,22.2,20.2,0.31
Wagner,57.5,63.0,-5.5,0.917,1.004,42.8,47.0,47.9,44.7,32.9,33.0,19.3,22.3,41.5,50.8,31.6,33.2,0.293,0.399,30.1,22.8,77.2,69.9,2.9,6.2,9.3,10.6,0.175,0.188,28.3,23.1,2.7,0.963,0.921,16.4,16.2,0.385
Miss Valley St,52.4,82.3,-29.8,0.774,1.214,37.4,57.4,55.4,51.0,25.2,30.6,19.4,18.4,41.6,58.8,28.8,37.7,0.303,0.384,19.9,37.2,62.8,80.1,3.0,7.3,8.4,14.1,0.117,0.23,24.6,21.9,-10.8,0.85,1.009,21.8,12.7,0.035
